loan_limit,gender,approv_in_adv,loan_type,loan_purpose,credit_worthiness,open_credit,business_or_commercial,loan_amount,rate_of_interest,interest_rate_spread,upfront_charges,neg_ammortization,interest_only,lump_sum_payment,property_value,construction_type,occupancy_type,secured_by,total_units,income,credit_type,credit_score,co-applicant_credit_type,age,submission_of_application,loan_to_value,region,security_type,status,debt_to_income,term_category
cf,Sex Not Available,nopre,type1,p4,l1,nopc,nob/c,316500,4.25,0.281,1513.87,neg_amm,not_int,not_lpsm,408000.0,sb,pr,home,1U,9840.0,EXP,667,EXP,35-44,not_inst,77.57352941,south,direct,0,22.0,Medium-term
cf,Joint,nopre,type1,p4,l1,nopc,nob/c,446500,3.5,-0.0731,10.81,not_neg,not_int,not_lpsm,568000.0,sb,pr,home,1U,10200.0,CRIF,689,EXP,35-44,not_inst,78.60915493,central,direct,0,31.0,Long-term
cf,Sex Not Available,nopre,type1,p4,l1,nopc,nob/c,116500,3.75,0.8371,2898.67,not_neg,not_int,not_lpsm,218000.0,sb,pr,home,1U,4500.0,EXP,666,EXP,65-74,to_inst,53.44036697,south,direct,0,24.0,Medium-term
cf,Male,nopre,type1,p3,l1,nopc,nob/c,216500,4.625,0.7905,1150.0,neg_amm,not_int,not_lpsm,458000.0,sb,pr,home,1U,3900.0,CRIF,870,CIB,55-64,to_inst,47.27074236,North,direct,0,31.0,Medium-term
cf,Female,nopre,type1,p3,l1,nopc,nob/c,536500,4.99,0.6079,2475.0,neg_amm,not_int,not_lpsm,1098000.0,sb,pr,home,1U,10440.0,EXP,769,CIB,55-64,to_inst,48.86156648,south,direct,0,21.0,Long-term
cf,Joint,pre,type2,p3,l1,nopc,b/c,186500,4.625,1.8592,1982.6,not_neg,not_int,not_lpsm,218000.0,sb,pr,home,1U,3000.0,CIB,889,EXP,45-54,to_inst,85.55045872,south,direct,0,47.0,Long-term
cf,Joint,nopre,type1,p4,l1,nopc,nob/c,116500,3.99,0.3599,2170.705,not_neg,not_int,lpsm,138000.0,sb,pr,home,1U,3360.0,CRIF,820,EXP,>74,to_inst,84.42028986,North,direct,1,32.0,Long-term
ncf,Joint,nopre,type1,p1,l1,nopc,nob/c,206500,4.25,0.1275,0.0,not_neg,not_int,not_lpsm,258000.0,sb,pr,home,1U,4140.0,CRIF,829,EXP,65-74,not_inst,80.03875969,North,direct,0,35.0,Long-term
ncf,Joint,pre,type1,p4,l1,nopc,nob/c,436500,4.125,-0.032,228.4,not_neg,not_int,not_lpsm,608000.0,sb,pr,home,1U,9480.0,CIB,596,EXP,55-64,not_inst,71.79276316,North,direct,0,32.0,Long-term
cf,Female,nopre,type1,p1,l1,nopc,nob/c,116500,4.875,0.8419,3462.0,not_neg,not_int,not_lpsm,138000.0,sb,pr,home,1U,3660.0,CRIF,529,CIB,55-64,to_inst,84.42028986,North,direct,0,30.0,Long-term
cf,Joint,nopre,type1,p4,l1,nopc,nob/c,476500,3.99,0.5882,767.5,not_neg,not_int,not_lpsm,498000.0,sb,pr,home,1U,8760.0,CRIF,769,EXP,25-34,not_inst,95.68273092,south,direct,0,33.0,Long-term
cf,Sex Not Available,nopre,type1,p3,l1,nopc,nob/c,416500,4.99,0.6734,5312.5,not_neg,not_int,not_lpsm,558000.0,sb,pr,home,1U,5760.0,CIB,814,CIB,55-64,to_inst,74.64157706,south,direct,0,44.0,Long-term
cf,Female,pre,type1,p3,l1,nopc,nob/c,416500,4.625,0.9949,6982.5,not_neg,not_int,not_lpsm,528000.0,sb,pr,home,1U,5580.0,CIB,565,CIB,45-54,to_inst,78.88257576,North,direct,0,44.0,Long-term
cf,Joint,pre,type1,p1,l1,nopc,nob/c,476500,5.0,0.62,1690.0,not_neg,not_int,not_lpsm,508000.0,sb,pr,home,1U,9600.0,EXP,725,EXP,25-34,not_inst,93.7992126,south,direct,0,37.0,Long-term
cf,Female,nopre,type2,p1,l1,nopc,b/c,106500,4.5,1.5201,1078.51,not_neg,not_int,not_lpsm,108000.0,sb,pr,home,1U,2460.0,CIB,553,CIB,25-34,not_inst,98.61111111,North,direct,0,51.0,Long-term
cf,Joint,nopre,type1,p4,l1,nopc,nob/c,396500,3.625,0.1776,5875.22,not_neg,not_int,not_lpsm,428000.0,sb,pr,home,1U,8760.0,CIB,796,EXP,25-34,not_inst,92.64018692,North,direct,0,32.0,Long-term
cf,Male,nopre,type1,p4,l1,nopc,nob/c,556500,4.375,0.2767,0.0,not_neg,not_int,not_lpsm,758000.0,sb,pr,home,1U,8880.0,EXP,703,CIB,45-54,not_inst,73.41688654,south,direct,0,38.0,Long-term
cf,Sex Not Available,nopre,type1,p3,l1,nopc,nob/c,366500,3.99,0.3599,3953.13,not_neg,not_int,not_lpsm,418000.0,sb,pr,home,1U,12000.0,EQUI,531,EXP,55-64,to_inst,0.8767942583732058,south,direct,1,39.0,Long-term
cf,Female,nopre,type1,p3,l2,nopc,nob/c,416500,4.5,0.48975,3953.13,neg_amm,not_int,not_lpsm,528000.0,sb,ir,home,1U,27360.0,CIB,750,CIB,35-44,not_inst,78.88257576,North,direct,1,30.0,Long-term
cf,Sex Not Available,nopre,type1,p3,l1,nopc,nob/c,266500,2.99,0.1713,6490.0,not_neg,not_int,not_lpsm,458000.0,sb,pr,home,1U,8340.0,CIB,570,EXP,55-64,to_inst,58.18777293,south,direct,0,39.0,Short-term
cf,Joint,pre,type1,p3,l1,nopc,nob/c,86500,5.25,1.4338,2992.75,not_neg,not_int,not_lpsm,118000.0,sb,pr,home,1U,1800.0,CIB,731,EXP,45-54,to_inst,73.30508475,North,direct,0,43.0,Long-term
cf,Male,nopre,type3,p4,l1,nopc,nob/c,476500,3.49,-0.1879,0.0,not_neg,not_int,not_lpsm,608000.0,sb,pr,home,1U,5580.0,EXP,692,CIB,55-64,to_inst,78.37171053,North,direct,0,39.0,Long-term
cf,Male,pre,type1,p4,l1,nopc,nob/c,456500,4.56,0.2376,2500.0,not_neg,not_int,not_lpsm,808000.0,sb,ir,home,1U,5700.0,CRIF,629,CIB,45-54,not_inst,56.49752475,North,direct,0,49.0,Long-term
cf,Female,nopre,type1,p3,l1,nopc,nob/c,576500,3.75,0.1891,3813.24,not_neg,not_int,not_lpsm,718000.0,sb,pr,home,1U,6540.0,EXP,679,CIB,25-34,not_inst,80.29247911,North,direct,0,44.0,Long-term
cf,Female,nopre,type1,p2,l1,nopc,nob/c,106500,4.375,1.0182,3240.0,neg_amm,not_int,not_lpsm,1578000.0,sb,pr,home,1U,2640.0,CRIF,547,CIB,35-44,to_inst,6.74904943,North,direct,0,31.0,Long-term
cf,Male,pre,type1,p3,l1,nopc,nob/c,186500,4.25,1.3011,3331.25,not_neg,not_int,not_lpsm,268000.0,sb,pr,home,1U,11940.0,CIB,893,CIB,35-44,to_inst,69.58955224,North,direct,0,15.0,Medium-term
cf,Male,nopre,type1,p3,l1,nopc,nob/c,446500,4.5,0.263,2178.62,not_neg,int_only,not_lpsm,618000.0,sb,pr,home,1U,4140.0,CIB,715,CIB,25-34,not_inst,72.24919094,south,direct,0,45.0,Long-term
cf,Joint,nopre,type1,p2,l1,nopc,nob/c,456500,3.99,0.3599,2741.0,neg_amm,not_int,not_lpsm,788000.0,sb,pr,home,1U,12480.0,EXP,567,EXP,55-64,not_inst,57.93147208,North,direct,1,37.0,Long-term
cf,Male,nopre,type1,p1,l1,nopc,nob/c,246500,4.0,0.2346,467.0,not_neg,not_int,not_lpsm,428000.0,sb,pr,home,1U,11640.0,CIB,560,CIB,45-54,not_inst,57.59345794,North,direct,0,44.0,Long-term
cf,Sex Not Available,nopre,type1,p4,l1,nopc,nob/c,176500,3.25,0.495,4766.08,not_neg,not_int,not_lpsm,288000.0,sb,pr,home,1U,12000.0,EXP,784,EXP,45-54,to_inst,61.28472222,south,direct,0,22.0,Short-term
cf,Sex Not Available,nopre,type1,p4,l1,nopc,nob/c,146500,3.99,0.3599,2170.705,not_neg,not_int,not_lpsm,268000.0,sb,pr,home,1U,2400.0,EXP,814,CIB,>74,to_inst,54.6641791,south,direct,1,56.0,Long-term
cf,Joint,nopre,type1,p4,l1,nopc,nob/c,416500,4.25,0.384,0.0,not_neg,not_int,not_lpsm,478000.0,sb,pr,home,1U,7800.0,CIB,568,EXP,35-44,not_inst,87.13389121,North,direct,0,42.0,Long-term
ncf,Male,nopre,type1,p1,l1,nopc,nob/c,516500,4.375,0.8779,0.0,not_neg,not_int,not_lpsm,568000.0,sb,pr,home,1U,9120.0,CRIF,541,CIB,35-44,not_inst,90.93309859,North,direct,0,45.0,Long-term
cf,Female,nopre,type1,p3,l1,nopc,nob/c,476500,3.99,0.3599,3953.13,not_neg,not_int,not_lpsm,418000.0,sb,pr,home,1U,5400.0,EQUI,737,EXP,55-64,not_inst,1.1399521531100478,North,direct,1,39.0,Long-term
cf,Male,nopre,type2,p4,l1,nopc,b/c,206500,4.25,1.3044,1415.8,not_neg,not_int,not_lpsm,258000.0,sb,pr,home,1U,5220.0,EXP,886,CIB,45-54,not_inst,80.03875969,North,direct,0,23.0,Long-term
cf,Sex Not Available,pre,type1,p3,l1,nopc,nob/c,236500,3.25,-0.4144,5350.0,not_neg,not_int,not_lpsm,448000.0,sb,pr,home,1U,3060.0,EXP,792,CIB,65-74,to_inst,52.79017857,south,direct,0,45.0,Long-term
cf,Male,nopre,type1,p1,l1,nopc,nob/c,366500,3.75,0.5016,8129.38,not_neg,not_int,not_lpsm,388000.0,sb,pr,home,1U,7020.0,CIB,567,CIB,45-54,not_inst,94.45876289,North,direct,0,49.0,Long-term
cf,Male,nopre,type1,p3,l1,nopc,nob/c,206500,4.99,1.2395,5534.0,not_neg,not_int,not_lpsm,288000.0,sb,pr,home,1U,4200.0,CRIF,853,CIB,55-64,to_inst,71.70138889,south,direct,0,38.0,Long-term
cf,Sex Not Available,nopre,type1,p3,l1,nopc,nob/c,186500,3.99,0.3599,3953.13,not_neg,not_int,not_lpsm,418000.0,sb,pr,home,1U,8160.0,EQUI,520,EXP,35-44,to_inst,0.4461722488038278,south,direct,1,39.0,Medium-term
cf,Joint,nopre,type1,p3,l1,nopc,nob/c,436500,4.5,0.8917,3953.13,not_neg,not_int,not_lpsm,588000.0,sb,pr,home,1U,6540.0,EXP,580,EXP,45-54,to_inst,74.23469388,North,direct,0,40.0,Long-term
cf,Joint,pre,type1,p4,l1,nopc,nob/c,636500,3.625,-0.1127,3929.0,not_neg,not_int,not_lpsm,858000.0,sb,pr,home,1U,11460.0,CIB,507,EXP,45-54,not_inst,74.18414918,North,direct,0,33.0,Long-term
cf,Female,nopre,type1,p1,l1,nopc,nob/c,356500,3.99,0.3599,1860.0,not_neg,not_int,not_lpsm,548000.0,sb,pr,home,1U,3600.0,EXP,807,CIB,<25,not_inst,65.05474453,south,direct,1,48.0,Long-term
cf,Sex Not Available,pre,type1,p3,l1,nopc,nob/c,146500,4.5,0.9104,2795.0,not_neg,not_int,not_lpsm,248000.0,sb,pr,home,1U,6720.0,CRIF,832,EXP,45-54,to_inst,59.07258065,south,direct,0,31.0,Long-term
cf,Joint,nopre,type3,p4,l2,nopc,nob/c,586500,3.375,-0.6546,4938.2,not_neg,not_int,not_lpsm,618000.0,sb,pr,home,1U,6660.0,CRIF,724,EXP,35-44,not_inst,94.90291262,North,direct,0,40.0,Long-term
cf,Joint,nopre,type1,p1,l1,nopc,nob/c,336500,4.56,0.9678,1009.2,not_neg,not_int,not_lpsm,428000.0,sb,pr,home,1U,6660.0,EXP,556,EXP,35-44,not_inst,78.62149533,North,direct,0,41.0,Long-term
cf,Male,nopre,type1,p4,l1,nopc,nob/c,206500,2.99,0.2866,6190.0,not_neg,not_int,not_lpsm,248000.0,sb,pr,home,1U,3720.0,CRIF,791,CIB,35-44,to_inst,83.26612903,south,direct,0,31.0,Short-term
cf,Male,nopre,type1,p1,l1,nopc,nob/c,266500,4.25,0.5117,0.0,not_neg,not_int,not_lpsm,278000.0,sb,pr,home,1U,6960.0,CIB,875,CIB,25-34,not_inst,95.86330935,North,direct,0,48.0,Long-term
cf,Joint,pre,type1,p1,l1,nopc,nob/c,726500,4.99,1.059,1940.0,not_neg,not_int,not_lpsm,788000.0,sb,pr,home,1U,11580.0,CRIF,632,EXP,35-44,not_inst,92.19543147,North,direct,0,44.0,Long-term
cf,Joint,pre,type2,p1,l1,nopc,b/c,176500,3.375,1.0489,6078.23,not_neg,not_int,not_lpsm,178000.0,sb,pr,home,1U,3360.0,CRIF,603,EXP,25-34,to_inst,99.15730337,North,direct,0,36.0,Long-term
cf,Female,nopre,type1,p2,l1,nopc,nob/c,106500,4.5,1.0816,2321.25,not_neg,not_int,not_lpsm,488000.0,sb,pr,home,1U,2520.0,CIB,777,CIB,65-74,to_inst,21.82377049,North,direct,0,42.0,Long-term
cf,Female,nopre,type1,p4,l1,nopc,nob/c,66500,4.75,1.3462,2833.55,not_neg,not_int,not_lpsm,108000.0,sb,pr,home,1U,3840.0,CIB,526,EXP,55-64,to_inst,61.57407407,North,direct,0,37.0,Long-term
cf,Male,nopre,type3,p1,l1,nopc,nob/c,266500,3.99,0.6568,5358.52,not_neg,not_int,not_lpsm,258000.0,sb,pr,home,1U,4440.0,EXP,829,CIB,25-34,to_inst,103.2945736,North,direct,0,38.0,Long-term
ncf,Sex Not Available,nopre,type1,p1,l1,nopc,nob/c,356500,4.5,0.3487,0.0,not_neg,not_int,not_lpsm,448000.0,sb,sr,home,1U,24660.0,CIB,661,EXP,45-54,to_inst,79.57589286,south,direct,0,34.0,Long-term
cf,Female,nopre,type1,p4,l1,nopc,nob/c,236500,2.75,-0.1708,3585.68,not_neg,not_int,not_lpsm,508000.0,sb,pr,home,1U,6600.0,CIB,601,CIB,35-44,not_inst,46.55511811,south,direct,0,26.0,Short-term
cf,Male,nopre,type1,p4,l1,nopc,nob/c,696500,4.375,-0.113,0.0,neg_amm,not_int,not_lpsm,1208000.0,sb,pr,home,1U,12000.0,CRIF,838,CIB,25-34,not_inst,57.65728477,south,direct,0,37.0,Long-term
cf,Joint,nopre,type1,p4,l1,nopc,nob/c,626500,3.75,-0.0978,0.0,not_neg,int_only,not_lpsm,1158000.0,sb,pr,home,1U,7020.0,CRIF,607,EXP,45-54,not_inst,54.10189983,south,direct,0,47.0,Long-term
cf,Male,pre,type1,p4,l1,nopc,nob/c,186500,4.375,0.7289,2151.5,not_neg,not_int,not_lpsm,268000.0,sb,pr,home,1U,5520.0,CIB,814,CIB,35-44,to_inst,69.58955224,south,direct,0,29.0,Long-term
cf,Male,nopre,type1,p4,l1,nopc,nob/c,406500,3.99,0.3599,2170.705,neg_amm,not_int,not_lpsm,418000.0,sb,pr,home,1U,7980.0,EQUI,829,EXP,35-44,not_inst,0.972488038277512,south,direct,1,39.0,Long-term
cf,Joint,nopre,type3,p4,l1,nopc,nob/c,306500,3.125,-0.6491,1473.22,not_neg,not_int,not_lpsm,418000.0,sb,pr,home,1U,5580.0,CRIF,673,EXP,55-64,not_inst,73.32535885,North,direct,0,39.0,Long-term
cf,Sex Not Available,pre,type2,p4,l1,nopc,b/c,326500,3.375,0.4823,0.0,not_neg,not_int,not_lpsm,358000.0,sb,pr,home,1U,5520.0,CRIF,616,CIB,55-64,to_inst,91.20111732,south,direct,0,39.0,Long-term
cf,Female,pre,type1,p4,l1,nopc,nob/c,376500,3.99,0.5358,12926.19,not_neg,not_int,not_lpsm,508000.0,sb,pr,home,1U,5400.0,CIB,557,EXP,45-54,to_inst,74.11417323,south,direct,0,36.0,Long-term
cf,Sex Not Available,nopre,type3,p3,l1,nopc,nob/c,366500,3.25,0.2097,13597.75,not_neg,not_int,not_lpsm,538000.0,sb,pr,home,1U,3780.0,CIB,549,EXP,55-64,to_inst,68.12267658,south,direct,0,32.0,Long-term
cf,Male,nopre,type3,p3,l1,nopc,nob/c,546500,3.25,-0.5365,0.0,not_neg,not_int,not_lpsm,728000.0,sb,pr,home,1U,8400.0,EXP,561,EXP,45-54,not_inst,75.06868132,North,direct,0,42.0,Long-term
cf,Female,nopre,type1,p3,l1,nopc,nob/c,606500,3.75,0.5412,0.0,not_neg,not_int,not_lpsm,1238000.0,sb,pr,home,1U,28020.0,CRIF,683,CIB,55-64,not_inst,48.99030695,North,direct,0,46.0,Short-term
cf,Male,nopre,type1,p2,l1,nopc,nob/c,106500,3.99,0.3599,2741.0,not_neg,not_int,lpsm,448000.0,sb,pr,home,1U,1740.0,EXP,785,CIB,45-54,to_inst,23.77232143,North,direct,1,50.0,Short-term
cf,Female,nopre,type1,p4,l1,nopc,nob/c,526500,3.625,-0.0465,0.0,not_neg,int_only,not_lpsm,818000.0,sb,pr,home,1U,8580.0,EXP,736,CIB,55-64,not_inst,64.36430318,North,direct,0,43.0,Long-term
cf,Joint,pre,type3,p3,l1,nopc,nob/c,156500,3.5,-0.1729,3468.75,not_neg,not_int,not_lpsm,168000.0,sb,pr,home,1U,1620.0,EXP,659,EXP,>74,to_inst,93.1547619,North,direct,1,57.0,Long-term
cf,Joint,pre,type1,p1,l1,nopc,nob/c,466500,2.75,-0.4045,795.0,not_neg,not_int,not_lpsm,778000.0,sb,sr,home,1U,26520.0,CIB,765,EXP,55-64,to_inst,59.96143959,North,direct,0,36.0,Long-term
cf,Male,nopre,type1,p4,l1,nopc,nob/c,276500,3.875,0.1225,668.54,not_neg,not_int,not_lpsm,408000.0,sb,pr,home,1U,6000.0,EXP,699,EXP,45-54,not_inst,67.76960784,North,direct,0,36.0,Long-term
cf,Male,nopre,type2,p2,l1,nopc,b/c,486500,3.99,0.96485,1614.96,not_neg,not_int,not_lpsm,598000.0,sb,pr,home,1U,5820.0,CRIF,739,CIB,65-74,not_inst,81.35451505,North,direct,1,59.0,Long-term
cf,Male,pre,type1,p1,l1,nopc,nob/c,436500,3.75,-0.297,9904.88,not_neg,not_int,not_lpsm,728000.0,sb,pr,home,1U,6120.0,CRIF,899,CIB,25-34,to_inst,59.95879121,North,direct,0,34.0,Long-term
cf,Female,nopre,type1,p2,l1,nopc,nob/c,206500,4.56,0.6457,5915.47,not_neg,not_int,not_lpsm,338000.0,sb,pr,home,1U,2520.0,CRIF,748,CIB,65-74,to_inst,61.09467456,central,direct,0,43.0,Long-term
cf,Sex Not Available,nopre,type1,p4,l1,nopc,nob/c,276500,3.99,0.3913,5414.0,not_neg,not_int,not_lpsm,348000.0,sb,pr,home,1U,3840.0,CRIF,686,CIB,25-34,to_inst,79.45402299,south,direct,0,39.0,Long-term
cf,Joint,nopre,type1,p1,l1,nopc,nob/c,296500,3.99,0.5511,6234.13,not_neg,not_int,not_lpsm,318000.0,sb,pr,home,1U,9780.0,CIB,554,EXP,45-54,to_inst,93.23899371,North,direct,0,35.0,Long-term
cf,Female,nopre,type1,p3,l2,nopc,nob/c,206500,4.75,0.7951,5104.42,not_neg,not_int,not_lpsm,338000.0,sb,pr,home,1U,6360.0,EXP,768,CIB,45-54,to_inst,61.09467456,North,direct,0,28.0,Long-term
cf,Joint,nopre,type3,p4,l1,nopc,nob/c,146500,4.0,0.2735,0.0,not_neg,not_int,not_lpsm,188000.0,sb,pr,home,1U,5580.0,EXP,882,EXP,55-64,to_inst,77.92553191,North,direct,0,39.0,Long-term
cf,Sex Not Available,nopre,type2,p1,l1,nopc,b/c,146500,4.5,1.7093,1254.97,not_neg,not_int,not_lpsm,148000.0,sb,pr,home,1U,3660.0,CIB,874,EXP,25-34,to_inst,98.98648649,south,direct,0,22.0,Long-term
cf,Sex Not Available,nopre,type3,p3,l1,nopc,nob/c,196500,3.5,-0.1751,3347.75,not_neg,not_int,not_lpsm,308000.0,sb,pr,home,1U,4380.0,EXP,800,EXP,65-74,to_inst,63.7987013,south,direct,0,45.0,Long-term
cf,Joint,nopre,type1,p4,l1,nopc,nob/c,326500,3.625,0.1272,7442.73,not_neg,not_int,not_lpsm,558000.0,sb,pr,home,1U,13620.0,CRIF,576,EXP,45-54,to_inst,58.5125448,south,direct,0,32.0,Long-term
cf,Sex Not Available,nopre,type3,p4,l1,nopc,nob/c,266500,3.375,-0.3299,552.24,not_neg,not_int,not_lpsm,308000.0,sb,pr,home,2U,5520.0,CRIF,532,CIB,55-64,to_inst,86.52597403,south,direct,0,39.0,Long-term
cf,Joint,nopre,type3,p4,l1,nopc,nob/c,596500,2.875,-0.8066,4800.98,not_neg,not_int,not_lpsm,628000.0,sb,pr,home,1U,6660.0,CRIF,880,EXP,35-44,not_inst,94.98407643,North,direct,0,39.0,Long-term
cf,Sex Not Available,nopre,type1,p4,l1,nopc,nob/c,406500,3.375,-0.2619,6261.48,not_neg,not_int,not_lpsm,588000.0,sb,pr,home,1U,7200.0,CRIF,625,EXP,55-64,to_inst,69.13265306,south,direct,0,35.0,Long-term
cf,Male,nopre,type1,p1,l1,nopc,nob/c,246500,3.5,-0.0997,3095.2,not_neg,not_int,not_lpsm,368000.0,sb,pr,home,1U,4200.0,CIB,621,CIB,25-34,not_inst,66.98369565,North,direct,0,45.0,Long-term
cf,Joint,nopre,type1,p1,l1,nopc,nob/c,546500,4.25,-0.154,1895.0,neg_amm,not_int,not_lpsm,688000.0,sb,pr,home,1U,9240.0,CRIF,577,EXP,25-34,not_inst,79.43313953,North,direct,0,37.0,Long-term
cf,Male,nopre,type1,p2,l1,nopc,nob/c,246500,3.25,-0.2684,4333.4,not_neg,not_int,not_lpsm,328000.0,sb,sr,home,1U,6840.0,EXP,665,CIB,35-44,not_inst,75.15243902,North,direct,0,31.0,Long-term
cf,Joint,nopre,type1,p3,l1,nopc,nob/c,316500,4.56,0.2419,4708.38,neg_amm,not_int,not_lpsm,558000.0,sb,pr,home,1U,4140.0,CIB,764,EXP,65-74,to_inst,56.72043011,North,direct,0,37.0,Long-term
cf,Male,nopre,type1,p1,l2,nopc,nob/c,666500,4.5,0.48975,1860.0,neg_amm,not_int,not_lpsm,418000.0,sb,pr,home,1U,12240.0,EQUI,775,EXP,45-54,not_inst,1.5944976076555024,North,direct,1,40.0,Long-term
cf,Sex Not Available,nopre,type1,p3,l1,nopc,nob/c,106500,3.99,0.3599,3953.13,not_neg,not_int,lpsm,128000.0,sb,pr,home,1U,1380.0,CRIF,668,CIB,55-64,to_inst,83.203125,south,direct,1,43.0,Medium-term
cf,Sex Not Available,nopre,type2,p3,l1,nopc,b/c,86500,3.5,0.9378,3466.91,not_neg,not_int,not_lpsm,238000.0,sb,pr,home,1U,2880.0,CRIF,628,EXP,55-64,to_inst,36.34453782,south,direct,0,12.0,Long-term
cf,Joint,nopre,type2,p1,l1,nopc,b/c,216500,3.99,0.96485,1401.81,not_neg,not_int,not_lpsm,418000.0,sb,pr,home,1U,6060.0,EQUI,585,EXP,25-34,to_inst,0.5179425837320574,North,direct,1,39.0,Long-term
cf,Sex Not Available,pre,type1,p1,l1,nopc,nob/c,146500,4.125,0.7098,4283.75,not_neg,not_int,not_lpsm,458000.0,sb,ir,home,1U,7860.0,CIB,818,CIB,55-64,to_inst,31.98689956,south,direct,0,30.0,Long-term
cf,Male,nopre,type1,p4,l1,nopc,nob/c,206500,3.99,0.3599,2170.705,not_neg,not_int,not_lpsm,418000.0,sb,pr,home,1U,3540.0,EQUI,620,EXP,65-74,not_inst,0.4940191387559808,North,direct,1,39.0,Long-term
cf,Female,nopre,type1,p4,l1,nopc,nob/c,356500,4.0,-0.2858,823.56,not_neg,not_int,not_lpsm,578000.0,sb,pr,home,1U,3180.0,EXP,547,CIB,35-44,not_inst,61.67820069,North,direct,0,46.0,Long-term
cf,Joint,nopre,type1,p4,l2,nopc,nob/c,206500,4.125,0.966,6054.63,not_neg,not_int,not_lpsm,288000.0,sb,ir,home,1U,14160.0,CIB,771,EXP,35-44,to_inst,71.70138889,south,direct,0,28.0,Short-term
cf,Male,nopre,type1,p4,l1,nopc,nob/c,306500,3.625,-0.0316,3005.08,not_neg,not_int,not_lpsm,728000.0,sb,pr,home,1U,9540.0,CRIF,716,EXP,55-64,to_inst,42.10164835,North,direct,0,17.0,Long-term
cf,Sex Not Available,nopre,type1,p1,l1,nopc,nob/c,496500,3.99,0.3599,1860.0,neg_amm,not_int,not_lpsm,418000.0,sb,pr,home,1U,6000.0,EQUI,521,EXP,25-34,not_inst,1.187799043062201,south,direct,1,39.0,Long-term
cf,Female,nopre,type1,p4,l1,nopc,nob/c,376500,3.625,-0.0176,1031.2,not_neg,not_int,not_lpsm,688000.0,sb,pr,home,1U,3900.0,CRIF,798,CIB,35-44,not_inst,54.72383721,North,direct,0,43.0,Long-term
cf,Male,nopre,type1,p4,l1,nopc,nob/c,326500,3.99,0.3599,2170.705,not_neg,not_int,not_lpsm,498000.0,sb,pr,home,1U,8760.0,CIB,572,EXP,55-64,to_inst,65.562249,North,direct,1,60.0,Long-term
ncf,Joint,nopre,type1,p3,l1,nopc,nob/c,206500,4.99,1.1227,6148.44,not_neg,not_int,not_lpsm,278000.0,sb,pr,home,1U,8100.0,EXP,586,EXP,35-44,to_inst,74.28057554,North,direct,0,20.0,Long-term
cf,Male,pre,type1,p1,l1,nopc,nob/c,156500,3.875,0.8412,3484.08,not_neg,not_int,not_lpsm,168000.0,sb,pr,home,1U,2280.0,EXP,527,CIB,45-54,to_inst,93.1547619,North-East,direct,0,43.0,Long-term
cf,Male,nopre,type1,p3,l1,nopc,nob/c,256500,4.125,0.1457,920.77,not_neg,not_int,not_lpsm,468000.0,sb,pr,home,1U,6000.0,CIB,536,CIB,55-64,to_inst,54.80769231,North,direct,0,49.0,Long-term
cf,Male,nopre,type1,p4,l1,nopc,nob/c,156500,4.75,1.0683,3709.38,not_neg,not_int,not_lpsm,178000.0,sb,pr,home,1U,2700.0,CIB,637,CIB,35-44,to_inst,87.92134831,North,direct,0,40.0,Medium-term
cf,Joint,nopre,type1,p4,l1,nopc,nob/c,436500,3.99,0.3296,1371.44,not_neg,not_int,not_lpsm,548000.0,sb,pr,home,1U,7500.0,CRIF,538,EXP,35-44,not_inst,79.65328467,North,direct,0,35.0,Long-term
cf,Female,nopre,type2,p1,l1,nopc,b/c,246500,3.99,0.96485,1401.81,not_neg,not_int,not_lpsm,418000.0,sb,pr,home,1U,5220.0,EQUI,720,EXP,25-34,to_inst,0.5897129186602871,south,direct,1,39.0,Long-term
cf,Male,nopre,type3,p3,l2,nopc,nob/c,376500,3.625,-0.4699,591.48,not_neg,not_int,not_lpsm,648000.0,sb,pr,home,1U,6240.0,CRIF,755,CIB,45-54,not_inst,58.10185185,North,direct,0,33.0,Long-term
cf,Joint,nopre,type2,p4,l1,nopc,b/c,206500,3.625,0.8143,0.0,not_neg,not_int,not_lpsm,218000.0,sb,pr,home,1U,6660.0,EXP,693,EXP,35-44,not_inst,94.72477064,North,direct,0,39.0,Long-term
cf,Female,pre,type1,p3,l1,nopc,nob/c,476500,3.99,0.3599,3953.13,not_neg,not_int,not_lpsm,798000.0,sb,pr,home,1U,5520.0,CIB,717,CIB,55-64,to_inst,59.71177945,North,direct,1,60.0,Long-term
cf,Joint,nopre,type1,p4,l1,nopc,nob/c,506500,3.875,0.2372,2407.92,not_neg,not_int,not_lpsm,608000.0,sb,pr,home,1U,9000.0,CIB,880,EXP,25-34,not_inst,83.30592105,south,direct,0,46.0,Long-term
cf,Male,nopre,type3,p3,l1,nopc,nob/c,176500,3.5,-0.1729,3468.75,neg_amm,not_int,not_lpsm,418000.0,sb,pr,home,1U,1680.0,EQUI,802,EXP,65-74,to_inst,0.4222488038277512,North,direct,1,39.0,Long-term
cf,Sex Not Available,nopre,type1,p4,l1,nopc,nob/c,596500,3.375,-0.3087,500.0,not_neg,not_int,not_lpsm,808000.0,sb,pr,home,1U,8760.0,EXP,783,CIB,25-34,to_inst,73.82425743,south,direct,0,24.0,Long-term
cf,Male,nopre,type2,p1,l1,nopc,b/c,176500,3.99,0.96485,1401.81,not_neg,not_int,not_lpsm,188000.0,sb,pr,home,1U,2160.0,CRIF,509,CIB,45-54,to_inst,93.88297872,central,direct,1,58.0,Long-term
cf,Sex Not Available,nopre,type3,p4,l1,nopc,nob/c,496500,3.375,-0.3426,637.06,not_neg,not_int,not_lpsm,508000.0,sb,pr,home,1U,5520.0,EXP,778,CIB,55-64,to_inst,97.73622047,south,direct,0,39.0,Long-term
cf,Joint,nopre,type3,p1,l1,nopc,nob/c,716500,4.125,0.569,7125.0,not_neg,not_int,not_lpsm,758000.0,sb,pr,home,1U,13440.0,CRIF,778,EXP,55-64,not_inst,94.52506596,central,direct,0,44.0,Long-term
cf,Male,nopre,type2,p3,l1,nopc,b/c,286500,3.99,1.2821,3518.52,not_neg,not_int,not_lpsm,338000.0,sb,pr,home,1U,5400.0,CIB,797,EXP,45-54,to_inst,84.76331361,North,direct,0,57.0,Medium-term
cf,Joint,nopre,type1,p3,l1,nopc,nob/c,226500,5.25,0.5764,2292.5,not_neg,not_int,not_lpsm,288000.0,sb,pr,home,1U,7620.0,CRIF,894,EXP,45-54,to_inst,78.64583333,North,direct,0,31.0,Long-term
cf,Sex Not Available,nopre,type1,p3,l1,nopc,nob/c,256500,3.99,0.3599,3953.13,not_neg,not_int,not_lpsm,438000.0,sb,sr,home,1U,8100.0,CIB,506,CIB,45-54,to_inst,58.56164384,south,direct,1,48.0,Long-term
cf,Sex Not Available,nopre,type1,p3,l1,nopc,nob/c,206500,3.99,0.4214,4530.0,not_neg,not_int,not_lpsm,298000.0,sb,pr,home,1U,2640.0,CIB,784,CIB,>74,to_inst,69.29530201,south,direct,0,37.0,Long-term
cf,Male,nopre,type1,p1,l2,nopc,nob/c,456500,4.375,0.2035,0.0,not_neg,not_int,not_lpsm,568000.0,sb,pr,home,1U,7740.0,CIB,787,CIB,35-44,not_inst,80.36971831,North,direct,0,30.0,Long-term
cf,Male,nopre,type1,p2,l1,nopc,nob/c,296500,4.99,1.075,7355.0,not_neg,not_int,not_lpsm,368000.0,sb,pr,home,1U,9900.0,EXP,685,CIB,45-54,to_inst,80.57065217,North,direct,0,36.0,Long-term
cf,Sex Not Available,nopre,type1,p3,l1,nopc,nob/c,206500,4.5,0.734,6620.0,neg_amm,not_int,not_lpsm,468000.0,sb,ir,home,1U,6060.0,EXP,569,EXP,65-74,to_inst,44.12393162,south,direct,0,46.0,Long-term
cf,Male,nopre,type2,p4,l1,nopc,b/c,356500,3.99,0.96485,0.0,not_neg,not_int,not_lpsm,418000.0,sb,pr,home,1U,5940.0,CRIF,900,CIB,35-44,to_inst,85.28708134,south,direct,1,45.0,Long-term
cf,Sex Not Available,nopre,type1,p4,l1,nopc,nob/c,216500,3.99,0.3599,2170.705,not_neg,not_int,lpsm,578000.0,sb,pr,home,1U,4680.0,EXP,632,EXP,55-64,to_inst,37.4567474,south,direct,1,54.0,Long-term
cf,Male,nopre,type2,p1,l1,nopc,b/c,376500,3.125,0.5726,2203.79,not_neg,not_int,not_lpsm,388000.0,sb,pr,home,1U,5640.0,CRIF,744,CIB,35-44,not_inst,97.03608247,south,direct,0,59.0,Long-term
cf,Male,nopre,type1,p4,l1,nopc,nob/c,806500,3.99,0.3599,2170.705,not_neg,not_int,not_lpsm,1058000.0,sb,pr,home,2U,14400.0,EXP,740,EXP,35-44,not_inst,76.22873346,North,direct,1,25.0,Long-term
cf,Joint,nopre,type1,p1,l1,nopc,nob/c,306500,4.125,0.4654,657.0,not_neg,not_int,not_lpsm,478000.0,sb,ir,home,1U,2280.0,CRIF,604,EXP,65-74,not_inst,64.12133891,south,direct,0,13.0,Long-term
cf,Joint,nopre,type1,p3,l2,nopc,nob/c,456500,4.5,0.48975,3953.13,neg_amm,not_int,not_lpsm,418000.0,sb,pr,home,1U,6840.0,EQUI,579,EXP,55-64,to_inst,1.0921052631578947,North,direct,1,40.0,Long-term
cf,Sex Not Available,nopre,type1,p3,l1,nopc,nob/c,286500,3.99,0.49,5495.0,not_neg,not_int,not_lpsm,478000.0,sb,pr,home,1U,5820.0,CIB,547,EXP,55-64,to_inst,59.93723849,south,direct,0,28.0,Long-term
cf,Female,nopre,type1,p4,l1,nopc,nob/c,476500,4.18,0.0516,1584.11,not_neg,not_int,not_lpsm,568000.0,sb,pr,home,1U,6480.0,CIB,849,CIB,35-44,not_inst,83.89084507,North,direct,0,36.0,Long-term
cf,Joint,nopre,type1,p3,l1,nopc,nob/c,176500,3.875,0.4747,5051.38,not_neg,not_int,not_lpsm,288000.0,sb,pr,home,1U,2940.0,CIB,859,EXP,65-74,to_inst,61.28472222,North,direct,0,43.0,Long-term
cf,Male,nopre,type1,p3,l1,nopc,nob/c,406500,3.99,0.3599,3953.13,not_neg,not_int,not_lpsm,418000.0,sb,pr,home,1U,8100.0,EQUI,683,EXP,55-64,to_inst,0.972488038277512,North,direct,1,39.0,Medium-term
cf,Male,nopre,type1,p3,l1,nopc,nob/c,206500,3.625,0.2819,3953.13,not_neg,not_int,not_lpsm,278000.0,sb,pr,home,1U,5400.0,CIB,688,EXP,35-44,to_inst,74.28057554,North,direct,0,10.0,Long-term
cf,Joint,pre,type1,p2,l1,nopc,nob/c,286500,3.99,0.3599,2741.0,neg_amm,not_int,not_lpsm,478000.0,sb,ir,home,1U,6300.0,EXP,705,EXP,55-64,to_inst,59.93723849,North,direct,1,40.0,Long-term
cf,Female,nopre,type1,p1,l1,nopc,nob/c,276500,4.25,0.22,5224.0,not_neg,not_int,not_lpsm,288000.0,sb,pr,home,1U,4920.0,EXP,858,CIB,35-44,to_inst,96.00694444,North,direct,0,36.0,Long-term
cf,Male,nopre,type1,p4,l1,nopc,nob/c,236500,3.875,0.453,732.5,not_neg,not_int,not_lpsm,258000.0,sb,pr,home,1U,7800.0,CIB,624,CIB,35-44,not_inst,91.66666667,south,direct,0,10.0,Long-term
ncf,Male,nopre,type1,p4,l1,nopc,nob/c,726500,3.99,0.3599,2170.705,not_neg,not_int,not_lpsm,1008000.0,sb,pr,home,1U,11340.0,CRIF,563,CIB,25-34,not_inst,72.0734127,south,direct,1,42.0,Long-term
cf,Joint,nopre,type2,p3,l1,nopc,b/c,76500,3.99,0.96485,2269.45,neg_amm,not_int,not_lpsm,98000.0,sb,pr,home,1U,2400.0,EXP,616,EXP,25-34,to_inst,78.06122449,North,direct,1,31.0,Short-term
cf,Joint,nopre,type1,p2,l1,opc,nob/c,106500,6.24,1.092,2741.0,neg_amm,int_only,not_lpsm,1628000.0,sb,pr,home,1U,10080.0,CRIF,818,EXP,55-64,to_inst,6.541769042,North,direct,0,37.0,Long-term
cf,Male,nopre,type3,p4,l1,nopc,nob/c,236500,3.49,-0.2324,0.0,not_neg,not_int,not_lpsm,298000.0,sb,pr,home,1U,3720.0,EXP,701,CIB,>74,to_inst,79.36241611,North,direct,0,39.0,Long-term
cf,Joint,nopre,type1,p1,l1,nopc,nob/c,486500,3.625,0.0821,1551.53,not_neg,not_int,not_lpsm,538000.0,sb,pr,home,1U,4680.0,CIB,605,EXP,65-74,not_inst,90.42750929,south,direct,0,47.0,Long-term
cf,Male,nopre,type1,p3,l1,nopc,nob/c,196500,4.99,0.5519,3537.5,not_neg,not_int,not_lpsm,248000.0,sb,pr,home,1U,5580.0,CIB,825,CIB,25-34,to_inst,79.23387097,North-East,direct,0,28.0,Long-term
cf,Female,nopre,type1,p4,l1,nopc,nob/c,176500,3.99,0.3599,2170.705,not_neg,not_int,not_lpsm,218000.0,sb,pr,home,1U,6060.0,EXP,730,EXP,65-74,to_inst,80.96330275,North,direct,1,38.0,Long-term
cf,Joint,pre,type1,p3,l1,nopc,nob/c,336500,4.99,0.5966,0.0,not_neg,not_int,not_lpsm,458000.0,sb,pr,home,1U,5940.0,EXP,792,EXP,55-64,not_inst,73.47161572,central,direct,0,21.0,Long-term
cf,Female,nopre,type2,p3,l1,nopc,b/c,56500,3.875,1.2442,1891.16,not_neg,not_int,not_lpsm,128000.0,sb,pr,home,1U,2340.0,CIB,631,CIB,65-74,to_inst,44.140625,North,direct,0,24.0,Long-term
cf,Sex Not Available,nopre,type3,p3,l1,nopc,nob/c,296500,3.5,-0.1729,3468.75,not_neg,not_int,not_lpsm,418000.0,sb,pr,home,1U,5160.0,EQUI,507,EXP,55-64,to_inst,0.7093301435406698,south,direct,1,39.0,Long-term
cf,Male,nopre,type1,p4,l1,nopc,nob/c,366500,3.75,0.2891,9040.25,not_neg,not_int,not_lpsm,498000.0,sb,pr,home,1U,4980.0,EXP,724,CIB,45-54,to_inst,73.59437751,south,direct,0,38.0,Long-term
cf,Joint,nopre,type1,p3,l1,nopc,nob/c,606500,4.99,0.348,166.65,not_neg,not_int,not_lpsm,1028000.0,sb,pr,home,1U,25380.0,CRIF,774,EXP,35-44,not_inst,58.99805447,North,direct,0,27.0,Long-term
cf,Female,nopre,type1,p3,l1,nopc,nob/c,636500,3.99,0.3599,3953.13,neg_amm,not_int,not_lpsm,888000.0,sb,pr,home,1U,8220.0,EXP,731,CIB,45-54,to_inst,71.67792793,North,direct,1,37.0,Long-term
cf,Male,nopre,type1,p3,l1,nopc,nob/c,286500,4.625,0.4714,9374.12,not_neg,not_int,not_lpsm,388000.0,sb,pr,home,1U,5700.0,EXP,520,CIB,35-44,to_inst,73.84020619,south,direct,0,35.0,Long-term
cf,Joint,pre,type3,p1,l1,nopc,nob/c,596500,3.625,0.0845,5918.39,not_neg,not_int,not_lpsm,588000.0,sb,pr,home,1U,6300.0,CIB,827,EXP,45-54,not_inst,101.4455782,south,direct,0,48.0,Long-term
cf,Joint,nopre,type3,p4,l1,nopc,nob/c,506500,4.0,0.262,0.0,not_neg,not_int,not_lpsm,508000.0,sb,pr,home,1U,5070.0,CRIF,736,EXP,55-64,to_inst,99.70472441,central,direct,0,39.0,Long-term
cf,Male,nopre,type1,p1,l1,nopc,nob/c,436500,3.375,0.1811,15451.5,not_neg,not_int,not_lpsm,488000.0,sb,pr,home,1U,18840.0,EXP,592,CIB,35-44,to_inst,89.44672131,North,direct,0,8.0,Long-term
cf,Female,nopre,type1,p3,l1,nopc,nob/c,166500,4.875,0.5479,1150.0,not_neg,not_int,not_lpsm,248000.0,sb,pr,home,1U,3480.0,CIB,873,CIB,45-54,to_inst,67.13709677,North,direct,0,39.0,Long-term
cf,Female,nopre,type1,p4,l1,nopc,nob/c,326500,3.75,0.2463,4298.99,not_neg,not_int,not_lpsm,478000.0,sb,pr,home,1U,4920.0,CIB,657,CIB,55-64,not_inst,68.30543933,North,direct,0,31.0,Long-term
cf,Female,nopre,type1,p2,l1,nopc,nob/c,266500,4.99,0.932,2631.29,not_neg,not_int,not_lpsm,318000.0,sb,pr,home,1U,5160.0,CIB,859,CIB,45-54,not_inst,83.80503145,North,direct,0,23.0,Long-term
cf,Joint,nopre,type1,p3,l1,nopc,nob/c,226500,3.875,0.4187,4062.5,not_neg,not_int,not_lpsm,298000.0,sb,pr,home,1U,4260.0,CIB,667,EXP,55-64,to_inst,76.00671141,North,direct,0,38.0,Long-term
cf,Male,nopre,type1,p4,l2,nopc,nob/c,276500,4.5,0.3682,1150.0,not_neg,not_int,not_lpsm,428000.0,sb,pr,home,1U,5340.0,EXP,842,CIB,55-64,to_inst,64.60280374,south,direct,0,32.0,Long-term
cf,Joint,nopre,type1,p3,l1,nopc,nob/c,176500,3.99,1.3054,3922.4,not_neg,not_int,not_lpsm,248000.0,sb,pr,home,1U,3720.0,EXP,874,EXP,45-54,to_inst,71.16935484,North,direct,0,43.0,Short-term
ncf,Sex Not Available,nopre,type2,p3,l1,nopc,b/c,196500,3.875,0.96485,2269.45,neg_amm,not_int,not_lpsm,208000.0,sb,pr,home,1U,5760.0,EQUI,697,EXP,45-54,to_inst,94.47115385,south,direct,1,39.0,Long-term
cf,Sex Not Available,nopre,type1,p2,l1,nopc,nob/c,226500,3.99,0.7372,7575.0,not_neg,int_only,not_lpsm,488000.0,sb,ir,home,1U,7680.0,EXP,841,EXP,45-54,to_inst,46.41393443,south,direct,0,42.0,Long-term
cf,Joint,nopre,type3,p4,l1,nopc,nob/c,296500,3.25,-0.4104,453.87,not_neg,not_int,not_lpsm,318000.0,sb,pr,home,1U,3720.0,CIB,590,EXP,>74,to_inst,93.23899371,North,direct,0,39.0,Long-term
cf,Male,nopre,type1,p4,l2,nopc,nob/c,436500,4.5,0.48975,2170.705,neg_amm,not_int,not_lpsm,418000.0,sb,pr,home,1U,12960.0,EQUI,730,EXP,45-54,not_inst,1.0442583732057416,North,direct,1,40.0,Long-term
cf,Male,nopre,type2,p4,l1,nopc,b/c,226500,3.875,0.6753,0.0,not_neg,not_int,not_lpsm,298000.0,sb,pr,home,1U,6600.0,CRIF,520,CIB,45-54,to_inst,76.00671141,south,direct,0,39.0,Long-term
cf,Joint,nopre,type1,p1,l1,nopc,nob/c,636500,3.99,0.3599,1860.0,not_neg,not_int,not_lpsm,418000.0,sb,pr,home,1U,8580.0,EQUI,728,EXP,35-44,to_inst,1.5227272727272727,North,direct,1,39.0,Long-term
cf,Joint,nopre,type1,p3,l1,nopc,nob/c,726500,3.99,0.3599,3953.13,not_neg,not_int,not_lpsm,1348000.0,sb,pr,home,1U,15660.0,CRIF,787,EXP,35-44,not_inst,53.89465875,south,direct,1,56.0,Long-term
cf,Female,nopre,type2,p4,l1,nopc,b/c,566500,3.99,0.96485,0.0,not_neg,not_int,not_lpsm,608000.0,sb,pr,home,2U,9060.0,CIB,736,CIB,35-44,not_inst,93.17434211,south,direct,1,39.0,Long-term
cf,Female,nopre,type1,p4,l1,nopc,nob/c,486500,3.625,-0.1705,146.22,not_neg,not_int,not_lpsm,828000.0,sb,pr,home,1U,7080.0,CIB,601,CIB,35-44,not_inst,58.75603865,south,direct,0,35.0,Long-term
cf,Female,nopre,type2,p1,l1,nopc,b/c,506500,3.99,0.96485,1401.81,not_neg,not_int,not_lpsm,508000.0,sb,pr,home,1U,5460.0,CRIF,846,CIB,45-54,not_inst,99.70472441,North,direct,1,48.0,Long-term
cf,Joint,nopre,type2,p1,l1,nopc,b/c,426500,3.99,0.96485,1401.81,not_neg,not_int,not_lpsm,438000.0,sb,pr,home,1U,13980.0,CRIF,619,EXP,45-54,to_inst,97.37442922,central,direct,1,30.0,Long-term
cf,Sex Not Available,pre,type1,p3,l1,nopc,nob/c,536500,3.99,0.7481,16545.0,not_neg,not_int,not_lpsm,738000.0,sb,pr,home,1U,6600.0,EXP,543,CIB,55-64,to_inst,72.69647696,south,direct,0,44.0,Long-term
cf,Joint,nopre,type1,p4,l1,nopc,nob/c,316500,3.5,-0.1179,0.0,not_neg,not_int,not_lpsm,468000.0,sb,pr,home,1U,4740.0,CRIF,516,EXP,45-54,not_inst,67.62820513,North,direct,0,36.0,Long-term
cf,Male,nopre,type1,p4,l1,nopc,nob/c,136500,3.625,0.8773,3622.13,not_neg,not_int,not_lpsm,178000.0,sb,pr,home,1U,2940.0,CRIF,729,CIB,25-34,to_inst,76.68539326,North,direct,0,32.0,Short-term
cf,Sex Not Available,pre,type1,p1,l1,nopc,nob/c,106500,4.875,1.3386,1504.63,not_neg,not_int,not_lpsm,108000.0,sb,pr,home,1U,2220.0,CRIF,610,EXP,45-54,to_inst,98.61111111,south,direct,0,44.0,Long-term
cf,Female,nopre,type1,p4,l1,nopc,nob/c,216500,4.56,0.9954,1095.36,not_neg,not_int,not_lpsm,278000.0,sb,pr,home,1U,5160.0,CRIF,890,CIB,25-34,not_inst,77.87769784,North,direct,0,32.0,Long-term
cf,Male,nopre,type1,p4,l1,nopc,nob/c,636500,4.18,-0.123,950.0,not_neg,not_int,not_lpsm,928000.0,sb,pr,home,1U,7740.0,CRIF,519,CIB,25-34,not_inst,68.58836207,south,direct,0,40.0,Long-term
cf,Sex Not Available,nopre,type1,p3,l1,nopc,nob/c,436500,3.99,0.3599,3953.13,not_neg,not_int,not_lpsm,558000.0,sb,pr,home,1U,5820.0,CRIF,614,EXP,35-44,to_inst,78.22580645,south,direct,1,52.0,Long-term
ncf,Sex Not Available,pre,type2,p3,l1,nopc,b/c,736500,4.5,1.5532,0.0,not_neg,not_int,not_lpsm,848000.0,sb,pr,home,1U,13440.0,CIB,764,EXP,45-54,to_inst,86.85141509,south,direct,0,60.0,Long-term
cf,Male,nopre,type1,p3,l1,nopc,nob/c,226500,3.5,-0.0597,3604.0,not_neg,not_int,not_lpsm,418000.0,sb,pr,home,1U,4920.0,CIB,523,CIB,45-54,to_inst,54.18660287,North,direct,0,49.0,Long-term
cf,Sex Not Available,pre,type2,p3,l1,nopc,b/c,596500,3.99,0.9766,0.0,not_neg,not_int,not_lpsm,688000.0,sb,pr,home,1U,6600.0,CRIF,560,EXP,55-64,to_inst,86.7005814,south,direct,0,54.0,Long-term
cf,Sex Not Available,nopre,type3,p3,l1,nopc,nob/c,46500,3.5,-0.1729,3468.75,not_neg,not_int,not_lpsm,188000.0,sb,pr,home,1U,3240.0,CIB,852,CIB,65-74,to_inst,24.73404255,south,direct,1,25.0,Long-term
cf,Female,nopre,type1,p1,l1,nopc,nob/c,626500,3.875,0.1955,0.0,not_neg,not_int,not_lpsm,898000.0,sb,pr,home,1U,7860.0,EXP,767,CIB,45-54,not_inst,69.76614699,North,direct,0,39.0,Long-term
cf,Male,nopre,type1,p4,l1,nopc,nob/c,496500,3.99,0.3599,2170.705,not_neg,not_int,lpsm,418000.0,sb,pr,home,1U,5400.0,EQUI,548,EXP,45-54,not_inst,1.187799043062201,North,direct,1,39.0,Long-term
cf,Joint,pre,type1,p3,l1,nopc,nob/c,336500,3.99,0.6108,8325.0,not_neg,not_int,not_lpsm,528000.0,sb,pr,home,1U,8640.0,EXP,568,EXP,55-64,to_inst,63.73106061,central,direct,0,29.0,Long-term
cf,Joint,nopre,type2,p4,l1,nopc,b/c,296500,3.49,0.8882,0.0,not_neg,not_int,not_lpsm,368000.0,sb,pr,home,1U,5640.0,CIB,888,EXP,25-34,not_inst,80.57065217,North,direct,0,39.0,Long-term
cf,Female,nopre,type1,p4,l1,nopc,nob/c,396500,3.75,0.0499,0.0,not_neg,not_int,not_lpsm,658000.0,sb,pr,home,1U,7560.0,EXP,651,CIB,55-64,not_inst,60.25835866,North,direct,0,35.0,Long-term
cf,Joint,nopre,type3,p3,l1,nopc,nob/c,276500,3.99,0.5439,4753.0,not_neg,not_int,not_lpsm,458000.0,sb,pr,home,1U,4800.0,CIB,517,EXP,55-64,to_inst,60.37117904,central,direct,0,36.0,Short-term
cf,Sex Not Available,nopre,type1,p1,l1,nopc,nob/c,256500,3.99,0.3599,1860.0,not_neg,not_int,not_lpsm,348000.0,sb,sr,home,1U,7560.0,EQUI,794,EXP,65-74,to_inst,0.7370689655172413,south,direct,1,39.0,Long-term
cf,Male,nopre,type1,p3,l1,nopc,nob/c,426500,4.25,0.3932,0.0,not_neg,not_int,not_lpsm,628000.0,sb,pr,home,1U,8640.0,CRIF,751,CIB,55-64,not_inst,67.91401274,North,direct,0,32.0,Long-term
cf,Sex Not Available,nopre,type1,p4,l1,nopc,nob/c,456500,3.375,-0.0786,8090.6,not_neg,not_int,not_lpsm,658000.0,sb,pr,home,1U,7380.0,CIB,702,EXP,55-64,to_inst,69.3768997,south,direct,0,47.0,Long-term
cf,Male,nopre,type1,p3,l1,nopc,nob/c,446500,3.99,0.3599,3953.13,not_neg,not_int,not_lpsm,518000.0,sb,pr,home,1U,5880.0,CIB,816,CIB,45-54,to_inst,86.1969112,North,direct,1,37.0,Long-term
ncf,Joint,pre,type1,p4,l1,nopc,nob/c,206500,3.99,0.3599,2170.705,not_neg,not_int,not_lpsm,228000.0,sb,pr,home,1U,3060.0,EXP,877,EXP,55-64,to_inst,90.57017544,south,direct,1,40.0,Long-term
cf,Sex Not Available,nopre,type1,p3,l1,nopc,nob/c,136500,4.625,0.9764,4278.0,not_neg,not_int,not_lpsm,168000.0,sb,pr,home,1U,3960.0,CIB,704,CIB,65-74,to_inst,81.25,south,direct,0,39.0,Long-term
cf,Joint,nopre,type1,p4,l1,nopc,nob/c,476500,3.99,0.3599,2170.705,neg_amm,not_int,not_lpsm,648000.0,sb,pr,home,1U,7560.0,CRIF,830,EXP,45-54,to_inst,73.53395062,North,direct,1,45.0,Long-term
cf,Joint,nopre,type2,p4,l1,nopc,b/c,456500,3.49,0.6782,0.0,neg_amm,not_int,not_lpsm,468000.0,sb,pr,home,1U,5940.0,CIB,766,EXP,25-34,not_inst,97.54273504,south,direct,0,39.0,Long-term
cf,Sex Not Available,nopre,type2,p2,l1,nopc,b/c,86500,3.99,0.96485,1614.96,not_neg,not_int,not_lpsm,58000.0,sb,pr,home,1U,1800.0,CIB,781,CIB,55-64,to_inst,149.137931,south,direct,1,44.0,Long-term
cf,Joint,pre,type1,p1,l2,nopc,nob/c,416500,4.5,0.6618,9380.63,not_neg,not_int,not_lpsm,548000.0,sb,ir,home,2U,4500.0,CIB,565,EXP,45-54,to_inst,76.00364964,North,direct,0,46.0,Long-term
cf,Joint,nopre,type3,p4,l1,nopc,nob/c,686500,3.5,-0.0578,0.0,not_neg,not_int,not_lpsm,1158000.0,sb,pr,home,1U,5580.0,CIB,810,EXP,55-64,not_inst,59.28324698,North,direct,0,39.0,Long-term
ncf,Sex Not Available,nopre,type3,p3,l1,nopc,nob/c,1016500,4.99,0.1773,0.75,not_neg,not_int,not_lpsm,1308000.0,sb,pr,home,1U,15780.0,CIB,780,EXP,65-74,to_inst,77.71406728,south,direct,0,58.0,Long-term
ncf,Sex Not Available,nopre,type1,p3,l1,nopc,nob/c,406500,4.25,0.3599,2935.6,neg_amm,not_int,not_lpsm,578000.0,sb,pr,home,1U,5760.0,EQUI,657,EXP,45-54,to_inst,70.32871972,south,direct,1,39.0,Long-term
cf,Sex Not Available,nopre,type1,p4,l1,nopc,nob/c,236500,3.625,0.0695,6180.0,not_neg,not_int,not_lpsm,358000.0,sb,pr,home,1U,2820.0,CRIF,535,CIB,65-74,to_inst,66.06145251,south,direct,0,40.0,Long-term
cf,Sex Not Available,nopre,type1,p3,l1,nopc,nob/c,136500,3.99,0.5731,4172.75,not_neg,not_int,not_lpsm,238000.0,sb,pr,home,1U,1860.0,CIB,647,CIB,55-64,to_inst,57.35294118,south,direct,0,47.0,Long-term
ncf,Joint,nopre,type1,p1,l1,nopc,nob/c,906500,3.875,-0.065,13018.88,not_neg,not_int,not_lpsm,1208000.0,sb,pr,home,1U,15540.0,CIB,655,EXP,35-44,not_inst,75.04139073,North,direct,0,29.0,Long-term
cf,Joint,nopre,type1,p3,l1,nopc,nob/c,236500,3.99,0.3599,3953.13,not_neg,int_only,not_lpsm,298000.0,sb,pr,home,1U,3480.0,CIB,787,EXP,65-74,to_inst,79.36241611,North,direct,1,37.0,Long-term
cf,Male,nopre,type1,p1,l1,nopc,nob/c,206500,5.25,0.8037,150.0,not_neg,not_int,not_lpsm,258000.0,sb,pr,home,1U,10080.0,CIB,781,CIB,55-64,to_inst,80.03875969,North,direct,0,36.0,Long-term
cf,Joint,nopre,type1,p1,l1,nopc,nob/c,376500,3.99,0.3599,1860.0,neg_amm,not_int,not_lpsm,418000.0,sb,pr,home,1U,16440.0,EQUI,780,EXP,35-44,not_inst,0.9007177033492823,North,direct,1,39.0,Long-term
cf,Sex Not Available,nopre,type3,p3,l1,nopc,nob/c,406500,4.75,0.628,509.0,not_neg,not_int,not_lpsm,508000.0,sb,pr,home,1U,9420.0,CIB,883,EXP,55-64,to_inst,80.01968504,south,direct,0,37.0,Long-term
cf,Sex Not Available,nopre,type2,p4,l1,nopc,b/c,166500,3.125,0.0361,419.72,not_neg,not_int,not_lpsm,408000.0,sb,pr,home,1U,4260.0,EXP,797,EXP,65-74,to_inst,40.80882353,south,direct,0,39.0,Long-term
cf,Joint,nopre,type1,p4,l1,nopc,nob/c,526500,4.75,0.202,0.0,neg_amm,not_int,not_lpsm,708000.0,sb,ir,home,1U,25500.0,CIB,793,EXP,45-54,not_inst,74.36440678,south,direct,0,48.0,Long-term
cf,Joint,nopre,type1,p3,l1,nopc,nob/c,346500,3.99,0.3599,3953.13,not_neg,not_int,not_lpsm,548000.0,sb,pr,home,1U,7380.0,CRIF,661,EXP,45-54,to_inst,63.22992701,south,direct,1,35.0,Short-term
cf,Male,pre,type1,p4,l1,nopc,nob/c,486500,3.375,-0.1956,10331.56,not_neg,not_int,not_lpsm,828000.0,sb,pr,home,1U,8160.0,CRIF,606,CIB,45-54,to_inst,58.75603865,North,direct,0,26.0,Long-term
cf,Sex Not Available,nopre,type1,p3,l1,nopc,nob/c,176500,3.625,0.2335,5406.25,not_neg,not_int,not_lpsm,238000.0,sb,pr,home,1U,3660.0,CRIF,731,EXP,45-54,to_inst,74.15966387,south,direct,0,39.0,Long-term
cf,Male,nopre,type1,p3,l1,nopc,nob/c,306500,4.875,0.4519,4897.44,neg_amm,not_int,not_lpsm,388000.0,sb,pr,home,1U,8520.0,CIB,857,CIB,25-34,not_inst,78.99484536,North,direct,0,36.0,Long-term
cf,Joint,nopre,type1,p3,l1,nopc,nob/c,246500,4.875,0.5722,160.37,not_neg,not_int,not_lpsm,338000.0,sb,ir,home,1U,6420.0,CIB,530,EXP,45-54,not_inst,72.92899408,North,direct,0,30.0,Long-term
cf,Joint,nopre,type2,p1,l1,nopc,b/c,506500,3.625,0.8472,6284.08,not_neg,not_int,not_lpsm,518000.0,sb,pr,home,1U,5520.0,EXP,597,EXP,35-44,not_inst,97.77992278,south,direct,0,57.0,Long-term
cf,Male,nopre,type3,p3,l1,nopc,nob/c,336500,2.875,-0.5731,2470.57,not_neg,not_int,not_lpsm,378000.0,sb,pr,home,1U,3360.0,CRIF,577,CIB,55-64,not_inst,89.02116402,south,direct,0,61.0,Long-term
cf,Female,nopre,type1,p3,l1,nopc,nob/c,76500,5.25,1.022,2916.25,not_neg,not_int,not_lpsm,158000.0,sb,pr,home,1U,2040.0,CRIF,662,CIB,65-74,to_inst,48.41772152,North-East,direct,0,31.0,Long-term
cf,Joint,nopre,type1,p4,l2,nopc,nob/c,526500,4.5,0.3031,7678.75,not_neg,not_int,not_lpsm,638000.0,sb,pr,home,1U,10680.0,EXP,637,EXP,35-44,to_inst,82.52351097,North,direct,0,42.0,Long-term
cf,Sex Not Available,nopre,type2,p4,l1,nopc,b/c,226500,3.99,0.96485,0.0,not_neg,not_int,not_lpsm,278000.0,sb,pr,home,1U,3960.0,CIB,701,CIB,35-44,to_inst,81.47482014,south,direct,1,48.0,Long-term
cf,Sex Not Available,nopre,type1,p3,l1,nopc,nob/c,446500,3.99,0.3599,3953.13,not_neg,not_int,not_lpsm,418000.0,sb,pr,home,2U,5580.0,EQUI,700,EXP,45-54,to_inst,1.068181818181818,south,direct,1,39.0,Long-term
cf,Female,pre,type1,p1,l1,nopc,nob/c,356500,4.56,0.2015,1150.0,not_neg,not_int,not_lpsm,458000.0,sb,pr,home,1U,5520.0,CRIF,675,CIB,45-54,to_inst,77.83842795,North,direct,0,37.0,Long-term
cf,Joint,nopre,type1,p4,l1,nopc,nob/c,396500,3.99,0.3599,2170.705,neg_amm,not_int,not_lpsm,458000.0,sb,ir,home,2U,19440.0,EQUI,899,EXP,55-64,not_inst,0.8657205240174672,North,direct,1,39.0,Long-term
cf,Male,nopre,type1,p3,l1,nopc,nob/c,266500,4.875,1.2305,3475.0,not_neg,not_int,lpsm,408000.0,sb,pr,home,1U,5460.0,CIB,879,EXP,55-64,to_inst,65.31862745,North,direct,0,42.0,Medium-term
cf,Joint,nopre,type1,p2,l1,nopc,nob/c,96500,3.99,0.3599,2741.0,neg_amm,not_int,not_lpsm,158000.0,sb,sr,home,1U,3300.0,CIB,570,EXP,55-64,to_inst,61.07594937,North,direct,1,53.0,Long-term
cf,Male,pre,type1,p3,l1,nopc,nob/c,486500,4.75,0.4315,4757.24,not_neg,not_int,not_lpsm,758000.0,sb,pr,home,1U,5820.0,CIB,899,EXP,>74,to_inst,64.18205805,south,direct,0,40.0,Long-term
cf,Male,nopre,type1,p1,l1,nopc,nob/c,216500,2.99,0.4454,6585.5,not_neg,not_int,not_lpsm,488000.0,sb,pr,home,1U,5040.0,EXP,682,CIB,35-44,to_inst,44.3647541,North,direct,0,45.0,Short-term
cf,Joint,pre,type1,p3,l1,nopc,nob/c,376500,3.99,0.3599,3953.13,not_neg,not_int,not_lpsm,418000.0,sb,pr,home,1U,5760.0,EQUI,837,EXP,45-54,to_inst,0.9007177033492823,North,direct,1,39.0,Long-term
cf,Joint,nopre,type1,p4,l1,nopc,nob/c,706500,3.125,-0.4528,9819.0,not_neg,not_int,not_lpsm,1658000.0,sb,pr,home,1U,17460.0,CIB,593,EXP,65-74,not_inst,42.61158022,North,direct,0,25.0,Long-term
cf,Joint,nopre,type1,p4,l1,nopc,nob/c,136500,3.99,0.4741,4177.8,not_neg,int_only,not_lpsm,208000.0,sb,pr,home,1U,4380.0,CRIF,649,EXP,45-54,to_inst,65.625,central,direct,0,31.0,Long-term
cf,Female,nopre,type1,p4,l1,nopc,nob/c,246500,3.99,0.3599,2170.705,not_neg,not_int,lpsm,238000.0,sb,pr,home,1U,4980.0,CIB,717,CIB,65-74,to_inst,103.5714286,south,direct,1,23.0,Long-term
cf,Female,nopre,type1,p4,l1,nopc,nob/c,416500,3.69,0.002,1390.0,not_neg,not_int,not_lpsm,648000.0,sb,pr,home,1U,10080.0,EXP,699,CIB,65-74,not_inst,64.27469136,North,direct,0,20.0,Long-term
cf,Joint,pre,type1,p1,l1,nopc,nob/c,676500,4.0,0.1846,944.92,not_neg,not_int,not_lpsm,848000.0,sb,pr,home,1U,7920.0,CRIF,667,EXP,35-44,not_inst,79.7759434,south,direct,0,47.0,Long-term
cf,Male,nopre,type1,p1,l1,nopc,nob/c,316500,3.99,0.3599,1860.0,not_neg,not_int,not_lpsm,348000.0,sb,pr,home,1U,4680.0,CRIF,888,CIB,35-44,not_inst,90.94827586,North,direct,1,34.0,Long-term
cf,Female,nopre,type1,p4,l1,nopc,nob/c,216500,3.99,0.3599,2170.705,not_neg,not_int,lpsm,418000.0,sb,pr,home,1U,3000.0,EQUI,803,EXP,55-64,to_inst,0.5179425837320574,south,direct,1,39.0,Long-term
cf,Joint,nopre,type1,p3,l1,nopc,nob/c,676500,3.875,0.3469,4332.0,not_neg,not_int,not_lpsm,1278000.0,sb,pr,home,1U,7080.0,CIB,713,EXP,65-74,not_inst,52.9342723,North,direct,0,44.0,Long-term
cf,Female,nopre,type1,p3,l1,nopc,nob/c,86500,4.375,1.1295,3070.96,not_neg,not_int,not_lpsm,218000.0,sb,pr,home,1U,1680.0,CIB,655,CIB,55-64,to_inst,39.67889908,North,direct,0,42.0,Long-term
cf,Joint,pre,type1,p3,l1,nopc,nob/c,126500,4.875,1.2777,1928.39,not_neg,not_int,not_lpsm,218000.0,sb,pr,home,1U,5340.0,CRIF,871,EXP,45-54,to_inst,58.02752294,North,direct,0,44.0,Medium-term
cf,Joint,nopre,type1,p4,l1,nopc,nob/c,476500,3.625,-0.0079,6035.79,not_neg,not_int,not_lpsm,648000.0,sb,pr,home,1U,7140.0,CRIF,668,EXP,25-34,not_inst,73.53395062,North,direct,0,49.0,Long-term
cf,Sex Not Available,nopre,type2,p1,l1,nopc,b/c,66500,5.125,1.7723,1744.14,not_neg,not_int,not_lpsm,68000.0,sb,pr,home,1U,6780.0,EXP,740,CIB,65-74,to_inst,97.79411765,south,direct,0,37.0,Long-term
cf,Joint,nopre,type1,p4,l1,nopc,nob/c,256500,3.375,-0.0853,7232.17,not_neg,not_int,not_lpsm,358000.0,sb,pr,home,1U,8700.0,CIB,684,EXP,35-44,to_inst,71.64804469,North,direct,0,13.0,Long-term
cf,Sex Not Available,nopre,type1,p1,l1,nopc,nob/c,176500,3.25,0.3997,4100.0,not_neg,not_int,not_lpsm,218000.0,sb,pr,home,1U,3600.0,CRIF,579,CIB,65-74,to_inst,80.96330275,south,direct,0,47.0,Short-term
cf,Joint,nopre,type1,p4,l1,nopc,nob/c,526500,3.75,0.1686,4525.4,not_neg,not_int,not_lpsm,678000.0,sb,pr,home,1U,9840.0,CIB,636,EXP,35-44,not_inst,77.65486726,North,direct,0,40.0,Long-term
cf,Female,nopre,type1,p4,l1,nopc,nob/c,206500,3.99,0.3599,2170.705,neg_amm,not_int,not_lpsm,228000.0,sb,pr,home,1U,4140.0,EXP,812,CIB,35-44,to_inst,90.57017544,North,direct,1,36.0,Long-term
cf,Male,nopre,type3,p3,l1,nopc,nob/c,226500,3.99,0.3637,5629.29,neg_amm,not_int,not_lpsm,258000.0,sb,pr,home,1U,4140.0,CRIF,824,CIB,55-64,to_inst,87.79069767,North,direct,0,60.0,Long-term
cf,Sex Not Available,nopre,type2,p4,l1,nopc,b/c,246500,3.5,0.8107,9282.62,not_neg,not_int,not_lpsm,318000.0,sb,pr,home,1U,6960.0,EXP,640,CIB,45-54,to_inst,77.51572327,south,direct,0,31.0,Long-term
cf,Joint,nopre,type1,p4,l1,nopc,nob/c,556500,3.99,0.3599,2170.705,not_neg,not_int,not_lpsm,418000.0,sb,pr,home,1U,6840.0,EQUI,712,EXP,45-54,to_inst,1.3313397129186604,North,direct,1,39.0,Short-term
cf,Female,nopre,type1,p1,l1,nopc,nob/c,446500,3.99,0.3599,1860.0,neg_amm,not_int,not_lpsm,428000.0,sb,pr,home,1U,10500.0,CRIF,591,CIB,45-54,to_inst,104.3224299,North,direct,1,44.0,Long-term
cf,Joint,nopre,type3,p1,l1,nopc,nob/c,616500,3.5,-0.1729,1545.14,not_neg,not_int,lpsm,618000.0,sb,pr,home,1U,8340.0,EXP,524,EXP,55-64,not_inst,99.75728155,North,direct,1,47.0,Long-term
cf,Sex Not Available,nopre,type1,p3,l1,nopc,nob/c,326500,3.99,0.3599,3953.13,not_neg,not_int,not_lpsm,478000.0,sb,pr,home,1U,4500.0,EXP,642,CIB,>74,to_inst,68.30543933,south,direct,1,44.0,Long-term
cf,Sex Not Available,pre,type1,p1,l1,nopc,nob/c,176500,3.625,0.3521,5339.16,not_neg,not_int,not_lpsm,178000.0,sb,pr,home,1U,2340.0,CRIF,718,EXP,25-34,to_inst,99.15730337,south,direct,0,48.0,Long-term
cf,Joint,nopre,type1,p3,l1,nopc,nob/c,116500,3.99,0.3599,3953.13,not_neg,not_int,not_lpsm,308000.0,sb,pr,home,1U,1320.0,CRIF,831,EXP,45-54,to_inst,37.82467532,North,direct,1,55.0,Long-term
cf,Sex Not Available,nopre,type2,p3,l1,nopc,b/c,166500,3.99,0.96485,2269.45,not_neg,not_int,not_lpsm,128000.0,sb,pr,home,1U,3420.0,EXP,763,EXP,65-74,to_inst,130.078125,south,direct,1,50.0,Long-term
cf,Joint,nopre,type1,p4,l1,nopc,nob/c,406500,3.5,-0.2334,790.0,not_neg,not_int,not_lpsm,728000.0,sb,pr,home,1U,8280.0,CRIF,517,EXP,35-44,to_inst,55.83791209,North,direct,0,23.0,Long-term
cf,Joint,pre,type1,p1,l1,nopc,nob/c,206500,3.99,0.3599,1860.0,not_neg,not_int,not_lpsm,418000.0,sb,pr,home,1U,4920.0,EQUI,526,EXP,55-64,to_inst,0.4940191387559808,North,direct,1,39.0,Short-term
cf,Male,nopre,type2,p3,l1,nopc,b/c,266500,3.99,0.96485,2269.45,not_neg,not_int,not_lpsm,328000.0,sb,pr,home,1U,4200.0,EXP,613,CIB,25-34,to_inst,81.25,North,direct,1,48.0,Long-term
cf,Female,nopre,type1,p1,l1,nopc,nob/c,506500,4.375,0.1622,345.0,not_neg,not_int,not_lpsm,1058000.0,sb,pr,home,1U,5520.0,EXP,548,CIB,45-54,not_inst,47.87334594,North,direct,0,49.0,Long-term
cf,Sex Not Available,nopre,type1,p1,l1,nopc,nob/c,196500,3.875,0.1681,5632.0,not_neg,not_int,not_lpsm,248000.0,sb,pr,home,1U,6960.0,EXP,733,EXP,65-74,to_inst,79.23387097,south,direct,0,35.0,Long-term
cf,Joint,nopre,type1,p1,l1,nopc,nob/c,556500,3.75,0.2587,5754.2,not_neg,not_int,not_lpsm,698000.0,sb,pr,home,1U,11100.0,CRIF,583,EXP,25-34,not_inst,79.7277937,south,direct,0,36.0,Long-term
ncf,Joint,nopre,type1,p1,l1,nopc,nob/c,676500,4.25,0.176,2150.0,not_neg,not_int,not_lpsm,838000.0,sb,pr,home,1U,11760.0,CIB,796,EXP,35-44,not_inst,80.72792363,south,direct,0,41.0,Long-term
cf,Male,nopre,type1,p1,l1,nopc,nob/c,346500,4.875,1.16,0.0,not_neg,not_int,not_lpsm,438000.0,sb,pr,home,1U,7560.0,CIB,654,CIB,>74,to_inst,79.10958904,North,direct,0,31.0,Long-term
ncf,Male,pre,type3,p4,l1,nopc,nob/c,496500,3.75,-0.3662,79.86,not_neg,not_int,not_lpsm,518000.0,sb,pr,home,1U,6660.0,EXP,845,CIB,35-44,not_inst,95.84942085,North,direct,0,39.0,Long-term
cf,Male,nopre,type1,p4,l1,nopc,nob/c,436500,3.625,0.2225,2140.84,not_neg,not_int,not_lpsm,458000.0,sb,pr,home,1U,6000.0,EXP,653,CIB,55-64,not_inst,95.30567686,south,direct,0,44.0,Long-term
cf,Female,nopre,type1,p3,l1,nopc,nob/c,116500,4.375,0.9001,3052.75,not_neg,not_int,not_lpsm,188000.0,sb,pr,home,1U,2640.0,EXP,554,CIB,35-44,to_inst,61.96808511,North,direct,0,20.0,Long-term
cf,Male,nopre,type1,p3,l1,nopc,nob/c,246500,3.99,0.5368,7907.75,not_neg,not_int,not_lpsm,318000.0,sb,pr,home,1U,3180.0,CRIF,821,CIB,35-44,to_inst,77.51572327,south,direct,0,48.0,Long-term
ncf,Joint,nopre,type1,p4,l1,nopc,nob/c,586500,4.125,0.3098,898.73,not_neg,not_int,not_lpsm,738000.0,sb,pr,home,1U,7800.0,EXP,816,EXP,25-34,not_inst,79.47154472,North,direct,0,41.0,Long-term
cf,Female,nopre,type1,p4,l1,nopc,nob/c,716500,3.99,0.3599,2170.705,neg_amm,not_int,not_lpsm,458000.0,sb,ir,home,3U,7440.0,EQUI,674,EXP,35-44,to_inst,1.564410480349345,south,direct,1,39.0,Long-term
cf,Joint,nopre,type1,p1,l1,nopc,nob/c,146500,3.99,0.3599,1860.0,not_neg,not_int,not_lpsm,298000.0,sb,pr,home,1U,2640.0,CRIF,710,EXP,55-64,to_inst,49.16107383,North,direct,1,49.0,Long-term
cf,Male,nopre,type3,p4,l1,nopc,nob/c,256500,2.99,-0.4326,4358.38,not_neg,not_int,not_lpsm,268000.0,sb,pr,home,1U,6600.0,EXP,669,EXP,45-54,to_inst,95.70895522,North,direct,0,39.0,Long-term
cf,Male,nopre,type3,p3,l1,nopc,nob/c,226500,4.625,0.0849,0.0,not_neg,not_int,not_lpsm,258000.0,sb,pr,home,1U,6780.0,EXP,611,CIB,45-54,to_inst,87.79069767,North,direct,0,20.0,Long-term
cf,Sex Not Available,nopre,type1,p3,l1,nopc,nob/c,106500,3.99,0.3599,3953.13,not_neg,not_int,not_lpsm,418000.0,sb,pr,home,1U,2400.0,EQUI,680,EXP,65-74,to_inst,0.2547846889952153,south,direct,1,39.0,Long-term
cf,Joint,nopre,type1,p2,l1,nopc,nob/c,206500,3.0,-0.3775,795.0,not_neg,not_int,not_lpsm,428000.0,sb,pr,home,1U,5760.0,CIB,622,EXP,65-74,to_inst,48.24766355,south,direct,0,29.0,Long-term
cf,Female,nopre,type1,p4,l1,nopc,nob/c,256500,4.5,0.4047,0.0,not_neg,not_int,not_lpsm,458000.0,sb,pr,home,1U,6300.0,CIB,758,CIB,45-54,not_inst,56.00436681,North,direct,0,39.0,Long-term
cf,Sex Not Available,nopre,type2,p4,l1,nopc,b/c,236500,3.75,0.7119,0.0,not_neg,not_int,not_lpsm,278000.0,sb,pr,home,1U,6600.0,EXP,662,CIB,45-54,to_inst,85.07194245,south,direct,0,39.0,Long-term
cf,Sex Not Available,nopre,type1,p4,l1,nopc,nob/c,166500,4.375,0.8299,1250.0,not_neg,int_only,not_lpsm,238000.0,sb,pr,home,1U,3420.0,CRIF,870,CIB,65-74,to_inst,69.95798319,south,direct,0,38.0,Long-term
cf,Joint,nopre,type1,p1,l1,nopc,nob/c,726500,4.375,0.239,10265.8,neg_amm,not_int,not_lpsm,838000.0,sb,pr,home,1U,16440.0,CRIF,598,EXP,45-54,not_inst,86.69451074,North,direct,0,40.0,Long-term
cf,Joint,nopre,type1,p1,l1,nopc,nob/c,306500,3.99,0.2761,0.0,not_neg,not_int,not_lpsm,328000.0,sb,pr,home,1U,4740.0,EXP,651,EXP,35-44,not_inst,93.44512195,North,direct,0,41.0,Long-term
cf,Sex Not Available,pre,type1,p1,l1,nopc,nob/c,486500,4.25,0.0027,0.0,not_neg,not_int,not_lpsm,628000.0,sb,pr,home,1U,15060.0,EXP,894,EXP,35-44,to_inst,77.46815287,south,direct,0,18.0,Long-term
cf,Female,nopre,type1,p4,l1,nopc,nob/c,436500,3.99,0.3599,2170.705,not_neg,not_int,not_lpsm,418000.0,sb,pr,home,1U,8040.0,EQUI,660,EXP,55-64,not_inst,1.0442583732057416,North,direct,1,39.0,Long-term
ncf,Joint,nopre,type1,p1,l1,nopc,nob/c,1406500,4.75,0.5752,0.0,not_neg,not_int,not_lpsm,1758000.0,sb,pr,home,1U,25800.0,EXP,890,EXP,45-54,not_inst,80.00568828,North,direct,0,40.0,Long-term
cf,Joint,nopre,type1,p4,l1,nopc,nob/c,476500,3.875,0.2379,0.0,not_neg,not_int,not_lpsm,688000.0,sb,pr,home,1U,10920.0,CIB,866,EXP,45-54,not_inst,69.25872093,south,direct,0,21.0,Long-term
cf,Male,nopre,type3,p4,l1,nopc,nob/c,266500,3.25,-0.5122,2629.89,neg_amm,not_int,not_lpsm,288000.0,sb,pr,home,1U,4260.0,EXP,556,EXP,65-74,to_inst,92.53472222,North,direct,0,39.0,Long-term
cf,Sex Not Available,nopre,type2,p4,l1,nopc,b/c,586500,3.5,0.7085,0.0,not_neg,not_int,not_lpsm,718000.0,sb,pr,home,1U,6600.0,EXP,728,EXP,45-54,to_inst,81.68523677,south,direct,0,39.0,Long-term
cf,Sex Not Available,nopre,type1,p4,l1,nopc,nob/c,276500,4.75,0.9561,4873.5,not_neg,not_int,not_lpsm,968000.0,sb,ir,home,1U,28740.0,CIB,634,EXP,35-44,to_inst,28.56404959,south,direct,0,33.0,Short-term
cf,Joint,nopre,type2,p1,l2,nopc,b/c,506500,4.75,1.5693,0.0,not_neg,not_int,not_lpsm,518000.0,sb,pr,home,2U,5700.0,CIB,859,EXP,25-34,not_inst,97.77992278,North,direct,0,59.0,Long-term
cf,Male,nopre,type1,p4,l1,nopc,nob/c,416500,3.99,0.3599,2170.705,not_neg,not_int,not_lpsm,418000.0,sb,pr,home,1U,6900.0,EQUI,575,EXP,35-44,not_inst,0.9964114832535884,North,direct,1,39.0,Long-term
cf,Female,nopre,type1,p4,l1,nopc,nob/c,166500,3.75,0.5506,4519.5,not_neg,int_only,not_lpsm,188000.0,sb,pr,home,1U,3060.0,CRIF,678,CIB,65-74,to_inst,88.56382979,south,direct,0,33.0,Long-term
cf,Sex Not Available,nopre,type1,p4,l1,nopc,nob/c,326500,3.99,0.5274,4471.0,not_neg,not_int,not_lpsm,898000.0,sb,ir,home,1U,12960.0,CRIF,510,CIB,45-54,to_inst,36.35857461,south,direct,0,30.0,Long-term
cf,Female,nopre,type2,p4,l1,nopc,b/c,366500,3.625,0.8645,0.0,not_neg,not_int,not_lpsm,478000.0,sb,pr,home,1U,5070.0,CRIF,795,CIB,55-64,not_inst,76.67364017,central,direct,0,39.0,Long-term
cf,Sex Not Available,pre,type1,p4,l1,nopc,nob/c,176500,4.625,0.9418,1750.0,not_neg,not_int,not_lpsm,218000.0,sb,pr,home,1U,5520.0,EXP,746,CIB,45-54,to_inst,80.96330275,south,direct,0,45.0,Medium-term
cf,Male,nopre,type2,p1,l1,nopc,b/c,146500,5.625,1.5796,100.33,not_neg,not_int,not_lpsm,198000.0,sb,pr,home,1U,5760.0,CIB,833,CIB,55-64,not_inst,73.98989899,south,direct,0,7.0,Long-term
cf,Female,nopre,type1,p3,l1,nopc,nob/c,106500,4.5,1.1117,2306.0,not_neg,not_int,not_lpsm,188000.0,sb,pr,home,1U,2520.0,CRIF,576,CIB,55-64,to_inst,56.64893617,North,direct,0,21.0,Long-term
cf,Sex Not Available,nopre,type1,p3,l1,nopc,nob/c,226500,3.99,0.3599,3953.13,not_neg,not_int,not_lpsm,448000.0,sb,pr,home,1U,3660.0,EXP,871,CIB,45-54,to_inst,50.55803571,south,direct,1,42.0,Short-term
cf,Sex Not Available,pre,type1,p4,l1,nopc,nob/c,696500,3.5,-0.366,0.0,not_neg,not_int,not_lpsm,1378000.0,sb,pr,home,1U,8040.0,CIB,767,CIB,35-44,not_inst,50.54426705,south,direct,0,40.0,Long-term
cf,Joint,nopre,type2,p4,l1,nopc,b/c,576500,3.375,0.6902,3090.0,not_neg,not_int,not_lpsm,588000.0,sb,pr,home,1U,6600.0,CIB,875,EXP,45-54,not_inst,98.04421769,North,direct,0,39.0,Long-term
cf,Sex Not Available,nopre,type1,p3,l1,nopc,nob/c,206500,3.125,0.1401,1250.0,not_neg,not_int,not_lpsm,428000.0,sb,sr,home,1U,4320.0,CRIF,814,EXP,65-74,to_inst,48.24766355,south,direct,0,38.0,Short-term
cf,Joint,pre,type1,p4,l1,nopc,nob/c,356500,3.625,-0.143,0.0,not_neg,not_int,not_lpsm,1328000.0,sb,pr,home,1U,12060.0,CRIF,710,EXP,55-64,not_inst,26.84487952,south,direct,0,38.0,Long-term
cf,Male,nopre,type1,p1,l1,nopc,nob/c,316500,3.625,-0.1754,0.0,not_neg,not_int,not_lpsm,398000.0,sb,pr,home,1U,5820.0,CIB,660,CIB,25-34,not_inst,79.52261307,south,direct,0,42.0,Long-term
cf,Joint,nopre,type1,p4,l1,nopc,nob/c,546500,3.99,0.3599,2170.705,not_neg,not_int,not_lpsm,418000.0,sb,pr,home,1U,11040.0,EQUI,746,EXP,35-44,not_inst,1.3074162679425838,south,direct,1,39.0,Long-term
cf,Male,nopre,type3,p4,l1,nopc,nob/c,426500,3.125,-0.5145,951.9,not_neg,not_int,not_lpsm,528000.0,sb,pr,home,1U,6660.0,CIB,794,CIB,35-44,not_inst,80.77651515,North,direct,0,39.0,Long-term
cf,Female,nopre,type1,p3,l1,nopc,nob/c,116500,4.99,1.4378,2391.92,not_neg,not_int,not_lpsm,378000.0,sb,pr,home,1U,2640.0,CIB,526,CIB,65-74,to_inst,30.82010582,North,direct,0,27.0,Long-term
cf,Female,nopre,type1,p1,l1,nopc,nob/c,126500,4.375,0.1881,2171.41,not_neg,not_int,not_lpsm,138000.0,sb,pr,home,1U,2040.0,CRIF,534,CIB,25-34,to_inst,91.66666667,North,direct,0,35.0,Long-term
cf,Male,pre,type1,p1,l1,nopc,nob/c,356500,4.875,0.561,4690.5,not_neg,not_int,not_lpsm,368000.0,sb,pr,home,1U,7680.0,CRIF,503,CIB,25-34,to_inst,96.875,North,direct,0,38.0,Long-term
cf,Joint,nopre,type1,p3,l1,nopc,nob/c,126500,4.125,1.4604,3593.75,not_neg,not_int,not_lpsm,248000.0,sb,pr,home,1U,3420.0,CRIF,515,EXP,65-74,to_inst,51.00806452,North,direct,0,35.0,Short-term
cf,Joint,nopre,type1,p4,l2,nopc,nob/c,406500,4.5,0.48975,2170.705,neg_amm,not_int,not_lpsm,418000.0,sb,pr,home,1U,11100.0,EQUI,869,EXP,55-64,to_inst,0.972488038277512,North,direct,1,40.0,Long-term
cf,Sex Not Available,nopre,type1,p4,l1,nopc,nob/c,176500,3.15,-0.3064,0.0,not_neg,not_int,not_lpsm,558000.0,sb,pr,home,1U,7080.0,EXP,640,EXP,55-64,to_inst,31.63082437,south,direct,0,14.0,Long-term
cf,Joint,nopre,type3,p3,l1,nopc,nob/c,236500,3.875,-0.1957,3468.75,not_neg,not_int,not_lpsm,348000.0,sb,pr,home,1U,6900.0,CRIF,516,EXP,65-74,to_inst,67.95977011,North,direct,0,30.0,Long-term
cf,Female,nopre,type2,p1,l1,nopc,b/c,306500,3.125,0.3204,0.0,not_neg,not_int,not_lpsm,328000.0,sb,pr,home,1U,3480.0,CIB,661,CIB,35-44,not_inst,93.44512195,North,direct,0,46.0,Long-term
cf,Male,nopre,type3,p1,l1,nopc,nob/c,306500,3.125,-0.3053,1327.1,not_neg,not_int,not_lpsm,308000.0,sb,pr,home,1U,3540.0,EXP,502,CIB,25-34,not_inst,99.51298701,south,direct,0,53.0,Long-term
cf,Sex Not Available,pre,type1,p1,l1,nopc,nob/c,216500,3.5,-0.1416,2736.23,not_neg,not_int,not_lpsm,268000.0,sb,pr,home,1U,10440.0,EXP,870,EXP,45-54,to_inst,80.78358209,south,direct,0,32.0,Long-term
ncf,Male,pre,type1,p4,l1,nopc,nob/c,426500,3.875,0.5785,2170.705,not_neg,not_int,not_lpsm,468000.0,sb,pr,home,1U,7080.0,EXP,667,CIB,45-54,not_inst,91.13247863,south,direct,0,45.0,Short-term
cf,Joint,nopre,type1,p4,l1,nopc,nob/c,126500,4.5,0.8854,954.41,not_neg,not_int,not_lpsm,188000.0,sb,pr,home,1U,5580.0,EXP,687,EXP,65-74,not_inst,67.28723404,North,direct,0,18.0,Long-term
ncf,Joint,pre,type1,p3,l1,nopc,nob/c,646500,4.875,1.1283,9590.0,not_neg,not_int,not_lpsm,818000.0,sb,pr,home,1U,7740.0,EXP,831,EXP,45-54,to_inst,79.03422983,North,direct,0,49.0,Long-term
cf,Male,nopre,type1,p4,l1,nopc,nob/c,476500,4.125,0.053,2440.0,not_neg,not_int,not_lpsm,648000.0,sb,pr,home,1U,10500.0,CRIF,602,CIB,55-64,not_inst,73.53395062,south,direct,0,38.0,Long-term
cf,Female,nopre,type1,p4,l1,nopc,nob/c,156500,4.375,1.1299,4107.0,not_neg,not_int,not_lpsm,178000.0,sb,pr,home,1U,2940.0,EXP,819,CIB,55-64,not_inst,87.92134831,North,direct,0,44.0,Long-term
cf,Joint,nopre,type1,p4,l1,nopc,nob/c,466500,4.125,0.1218,3234.6,not_neg,not_int,not_lpsm,618000.0,sb,pr,home,1U,10200.0,CRIF,775,EXP,45-54,not_inst,75.48543689,North-East,direct,0,32.0,Long-term
cf,Male,nopre,type1,p3,l1,nopc,nob/c,466500,3.99,0.3599,3953.13,neg_amm,not_int,not_lpsm,418000.0,sb,pr,home,1U,5100.0,EQUI,657,EXP,45-54,not_inst,1.1160287081339713,North,direct,1,39.0,Long-term
cf,Male,nopre,type1,p4,l1,nopc,nob/c,316500,4.0,-0.2064,0.0,not_neg,not_int,not_lpsm,508000.0,sb,pr,home,1U,5700.0,CRIF,617,CIB,45-54,not_inst,62.30314961,North,direct,0,32.0,Long-term
cf,Female,nopre,type1,p1,l1,nopc,nob/c,386500,3.875,0.4821,7200.0,not_neg,not_int,not_lpsm,428000.0,sb,pr,home,1U,3540.0,EXP,794,CIB,45-54,not_inst,90.30373832,North,direct,0,46.0,Long-term
cf,Female,nopre,type1,p3,l1,nopc,nob/c,166500,4.99,0.5683,163.5,not_neg,not_int,not_lpsm,258000.0,sb,pr,home,1U,2580.0,CRIF,679,CIB,>74,to_inst,64.53488372,south,direct,0,49.0,Long-term
cf,Joint,nopre,type1,p3,l1,nopc,nob/c,266500,3.99,0.3599,3953.13,not_neg,not_int,not_lpsm,418000.0,sb,pr,home,1U,5100.0,EQUI,782,EXP,45-54,to_inst,0.6375598086124402,North,direct,1,39.0,Long-term
cf,Female,nopre,type1,p3,l1,nopc,nob/c,376500,3.875,0.4368,7771.43,not_neg,not_int,not_lpsm,538000.0,sb,pr,home,1U,12360.0,CIB,825,CIB,45-54,to_inst,69.98141264,North-East,direct,0,20.0,Long-term
cf,Sex Not Available,nopre,type1,p4,l1,nopc,nob/c,436500,3.99,0.3599,2170.705,neg_amm,not_int,not_lpsm,1908000.0,sb,pr,home,1U,2940.0,CRIF,813,EXP,55-64,to_inst,22.87735849,south,direct,1,17.0,Long-term
cf,Male,nopre,type1,p4,l1,nopc,nob/c,506500,3.875,0.2682,4431.88,not_neg,not_int,not_lpsm,728000.0,sb,pr,home,1U,7080.0,EXP,707,CIB,55-64,to_inst,69.57417582,North,direct,0,36.0,Long-term
cf,Sex Not Available,nopre,type1,p3,l1,nopc,nob/c,216500,3.25,0.6361,7155.0,not_neg,not_int,not_lpsm,338000.0,sb,pr,home,1U,3000.0,CIB,859,EXP,45-54,to_inst,64.05325444,south,direct,0,49.0,Short-term
cf,Joint,nopre,type1,p3,l1,nopc,nob/c,626500,5.625,1.2347,6646.47,not_neg,not_int,not_lpsm,868000.0,sb,pr,home,1U,9420.0,CRIF,675,EXP,45-54,to_inst,72.17741935,North,direct,0,41.0,Long-term
cf,Female,nopre,type1,p3,l1,nopc,nob/c,206500,3.99,0.4159,4500.0,not_neg,not_int,not_lpsm,608000.0,sb,pr,home,1U,4320.0,CRIF,590,CIB,45-54,to_inst,33.96381579,North,direct,0,33.0,Long-term
cf,Sex Not Available,nopre,type2,p3,l1,nopc,b/c,206500,3.99,0.96485,2269.45,not_neg,not_int,not_lpsm,268000.0,sb,pr,home,1U,3420.0,CRIF,542,CIB,65-74,to_inst,77.05223881,south,direct,1,45.0,Long-term
cf,Joint,nopre,type2,p1,l1,nopc,b/c,646500,3.25,0.5388,2162.19,not_neg,not_int,not_lpsm,708000.0,sb,pr,home,1U,11520.0,EXP,708,EXP,35-44,not_inst,91.31355932,North,direct,0,52.0,Long-term
cf,Male,pre,type1,p1,l1,nopc,nob/c,416500,3.875,0.254,1283.13,not_neg,not_int,not_lpsm,438000.0,sb,pr,home,1U,15000.0,CIB,743,CIB,45-54,to_inst,95.0913242,North,direct,0,19.0,Long-term
cf,Joint,nopre,type1,p4,l1,nopc,nob/c,486500,4.25,0.6134,2170.705,not_neg,not_int,not_lpsm,658000.0,sb,ir,home,1U,24120.0,CIB,523,EXP,35-44,not_inst,73.93617021,south,direct,0,32.0,Long-term
cf,Male,nopre,type1,p4,l2,nopc,nob/c,406500,3.99,0.1229,45.22,not_neg,not_int,not_lpsm,718000.0,sb,pr,home,1U,16800.0,EXP,565,CIB,45-54,not_inst,56.61559889,central,direct,0,23.0,Long-term
cf,Male,nopre,type1,p1,l1,nopc,nob/c,76500,4.5,1.4039,933.27,not_neg,not_int,not_lpsm,88000.0,sb,pr,home,1U,7740.0,CIB,729,CIB,35-44,to_inst,86.93181818,North,direct,0,45.0,Short-term
cf,Male,nopre,type2,p3,l1,nopc,b/c,166500,3.99,0.96485,2269.45,neg_amm,not_int,not_lpsm,198000.0,sb,sr,home,1U,4020.0,CRIF,781,EXP,55-64,to_inst,84.09090909,North,direct,1,36.0,Long-term
cf,Female,nopre,type1,p1,l1,nopc,nob/c,286500,3.99,0.3599,1860.0,not_neg,not_int,not_lpsm,388000.0,sb,ir,home,1U,6900.0,CRIF,722,CIB,25-34,not_inst,73.84020619,North,direct,1,43.0,Long-term
cf,Female,nopre,type1,p3,l1,nopc,nob/c,176500,3.99,0.5816,5942.4,not_neg,not_int,not_lpsm,268000.0,sb,pr,home,1U,1800.0,CIB,731,CIB,65-74,to_inst,65.85820896,North,direct,0,49.0,Long-term
cf,Male,nopre,type1,p3,l1,nopc,nob/c,306500,3.99,0.3599,3953.13,not_neg,not_int,not_lpsm,418000.0,sb,pr,home,1U,3480.0,EQUI,767,EXP,45-54,not_inst,0.7332535885167464,North,direct,1,39.0,Long-term
cf,Sex Not Available,nopre,type2,p3,l1,nopc,b/c,146500,4.375,0.772,2116.02,neg_amm,not_int,not_lpsm,168000.0,sb,pr,home,1U,3480.0,EXP,623,CIB,35-44,to_inst,87.20238095,south,direct,0,42.0,Long-term
cf,Joint,nopre,type1,p4,l1,nopc,nob/c,446500,3.5,-0.1117,0.0,not_neg,not_int,not_lpsm,828000.0,sb,pr,home,1U,11460.0,CRIF,670,EXP,35-44,not_inst,53.92512077,North,direct,0,30.0,Long-term
cf,Female,nopre,type1,p3,l1,nopc,nob/c,96500,4.375,1.0095,2675.0,not_neg,not_int,not_lpsm,258000.0,sb,pr,home,1U,2220.0,CRIF,671,CIB,65-74,to_inst,37.40310078,North,direct,0,47.0,Long-term
cf,Male,nopre,type3,p3,l1,nopc,nob/c,176500,3.5,-0.1729,3468.75,not_neg,not_int,not_lpsm,418000.0,sb,pr,home,1U,5460.0,EQUI,826,EXP,>74,to_inst,0.4222488038277512,North,direct,1,39.0,Long-term
cf,Joint,nopre,type1,p3,l1,nopc,nob/c,176500,4.99,0.4789,4320.82,not_neg,not_int,not_lpsm,228000.0,sb,pr,home,1U,6660.0,CIB,528,EXP,35-44,to_inst,77.4122807,central,direct,0,30.0,Long-term
cf,Joint,nopre,type2,p3,l1,nopc,b/c,196500,3.99,0.96485,2269.45,not_neg,not_int,not_lpsm,238000.0,sb,pr,home,1U,2100.0,CRIF,533,EXP,45-54,to_inst,82.56302521,North,direct,1,51.0,Long-term
ncf,Joint,nopre,type1,p1,l1,nopc,nob/c,246500,4.125,0.0868,3759.6,not_neg,not_int,not_lpsm,318000.0,sb,pr,home,1U,7200.0,CRIF,709,EXP,45-54,not_inst,77.51572327,North,direct,0,48.0,Long-term
cf,Female,nopre,type1,p3,l1,nopc,nob/c,186500,3.99,0.3599,3953.13,not_neg,int_only,not_lpsm,418000.0,sb,pr,home,1U,3900.0,EQUI,511,EXP,65-74,to_inst,0.4461722488038278,North,direct,1,39.0,Long-term
cf,Joint,nopre,type1,p4,l1,nopc,nob/c,196500,4.875,0.3685,1150.0,neg_amm,not_int,not_lpsm,348000.0,sb,pr,home,1U,4200.0,CRIF,877,EXP,65-74,to_inst,56.46551724,south,direct,0,36.0,Long-term
cf,Sex Not Available,nopre,type1,p3,l1,nopc,nob/c,166500,3.99,0.4357,5175.0,not_neg,not_int,not_lpsm,408000.0,sb,pr,home,1U,1980.0,CRIF,694,CIB,65-74,to_inst,40.80882353,south,direct,0,40.0,Long-term
cf,Joint,nopre,type1,p4,l1,nopc,nob/c,416500,3.875,0.3403,3348.75,not_neg,not_int,not_lpsm,718000.0,sb,pr,home,1U,13500.0,CIB,800,EXP,35-44,to_inst,58.00835655,North,direct,0,36.0,Long-term
cf,Sex Not Available,nopre,type1,p3,l2,opc,nob/c,256500,5.74,1.462,3953.13,not_neg,int_only,not_lpsm,3708000.0,sb,pr,home,1U,25920.0,CIB,580,EXP,55-64,to_inst,6.917475728,south,direct,0,31.0,Long-term
cf,Joint,nopre,type1,p3,l1,nopc,nob/c,676500,4.0,0.3211,6720.0,not_neg,int_only,not_lpsm,848000.0,sb,pr,home,1U,7680.0,CIB,891,EXP,25-34,not_inst,79.7759434,North,direct,0,47.0,Long-term
ncf,Male,nopre,type1,p4,l1,nopc,nob/c,356500,2.99,0.1707,2170.705,not_neg,not_int,not_lpsm,828000.0,sb,pr,home,1U,6780.0,CIB,798,CIB,55-64,to_inst,43.05555556,North,direct,0,39.0,Short-term
ncf,Joint,nopre,type1,p1,l1,nopc,nob/c,766500,3.875,0.0958,0.0,not_neg,not_int,not_lpsm,998000.0,sb,pr,home,1U,8580.0,CIB,674,EXP,35-44,not_inst,76.80360721,south,direct,0,37.0,Long-term
ncf,Sex Not Available,nopre,type1,p1,l1,nopc,nob/c,626500,3.625,0.1853,9100.0,not_neg,not_int,not_lpsm,788000.0,sb,pr,home,1U,30240.0,CRIF,567,CIB,35-44,to_inst,79.50507614,south,direct,0,18.0,Short-term
cf,Male,pre,type1,p4,l1,nopc,nob/c,236500,4.0,0.3837,1988.35,not_neg,not_int,not_lpsm,288000.0,sb,pr,home,1U,5400.0,EXP,630,CIB,45-54,not_inst,82.11805556,south,direct,0,44.0,Long-term
cf,Male,nopre,type1,p1,l2,nopc,nob/c,266500,4.375,0.0817,0.0,not_neg,not_int,not_lpsm,338000.0,sb,pr,home,1U,3960.0,EXP,717,CIB,45-54,not_inst,78.84615385,North-East,direct,0,40.0,Long-term
cf,Female,pre,type1,p1,l1,nopc,nob/c,486500,3.875,0.1457,0.0,not_neg,not_int,not_lpsm,608000.0,sb,pr,home,1U,4920.0,CRIF,788,CIB,45-54,not_inst,80.01644737,North,direct,0,49.0,Long-term
cf,Joint,nopre,type1,p3,l1,nopc,nob/c,706500,3.99,0.3599,3953.13,not_neg,not_int,not_lpsm,1258000.0,sb,pr,home,1U,6660.0,CIB,779,EXP,65-74,to_inst,56.16057234,North-East,direct,1,59.0,Long-term
cf,Joint,pre,type2,p1,l1,nopc,b/c,186500,4.625,1.8232,752.8,not_neg,not_int,not_lpsm,198000.0,sb,pr,home,1U,3300.0,CIB,598,EXP,45-54,to_inst,94.19191919,North,direct,0,59.0,Long-term
cf,Male,nopre,type1,p4,l1,nopc,nob/c,416500,3.99,0.342,0.0,not_neg,not_int,not_lpsm,538000.0,sb,pr,home,1U,6660.0,CRIF,643,CIB,25-34,not_inst,77.41635688,North,direct,0,31.0,Long-term
cf,Male,nopre,type1,p3,l1,nopc,nob/c,426500,3.99,0.289,5868.91,not_neg,not_int,not_lpsm,678000.0,sb,pr,home,1U,9600.0,CRIF,631,EXP,55-64,to_inst,62.90560472,North,direct,0,35.0,Long-term
cf,Male,nopre,type1,p4,l1,nopc,nob/c,276500,3.875,0.399,2849.38,not_neg,not_int,not_lpsm,368000.0,sb,pr,home,1U,6780.0,CRIF,823,CIB,55-64,to_inst,75.13586957,North,direct,0,35.0,Short-term
cf,Female,nopre,type1,p3,l1,nopc,nob/c,686500,3.99,0.4082,1600.39,not_neg,not_int,not_lpsm,1138000.0,sb,pr,home,1U,14520.0,CRIF,839,CIB,55-64,not_inst,60.32513181,central,direct,0,46.0,Long-term
cf,Sex Not Available,nopre,type1,p4,l1,nopc,nob/c,206500,3.99,0.5238,2555.63,not_neg,not_int,not_lpsm,308000.0,sb,pr,home,1U,3000.0,CIB,537,EXP,35-44,to_inst,67.04545455,south,direct,0,39.0,Long-term
cf,Joint,nopre,type1,p3,l1,nopc,nob/c,246500,2.99,0.3069,7905.0,not_neg,not_int,not_lpsm,558000.0,sb,pr,home,1U,7200.0,CIB,756,EXP,55-64,to_inst,44.17562724,North,direct,0,28.0,Short-term
cf,Joint,nopre,type1,p1,l1,nopc,nob/c,376500,3.99,0.3599,1860.0,not_neg,not_int,lpsm,398000.0,sb,pr,home,1U,4440.0,CRIF,514,EXP,35-44,not_inst,94.59798995,central,direct,1,45.0,Long-term
cf,Male,nopre,type2,p1,l1,nopc,b/c,296500,3.125,0.6266,7210.75,not_neg,not_int,not_lpsm,298000.0,sb,pr,home,1U,3960.0,CRIF,717,CIB,55-64,to_inst,99.4966443,south,direct,0,40.0,Long-term
cf,Female,nopre,type1,p4,l1,nopc,nob/c,446500,3.99,0.3599,2170.705,not_neg,not_int,not_lpsm,488000.0,sb,pr,home,1U,8040.0,CRIF,566,CIB,25-34,not_inst,91.49590164,North,direct,1,44.0,Long-term
cf,Sex Not Available,nopre,type1,p3,l1,nopc,nob/c,196500,3.99,0.3599,3953.13,not_neg,not_int,not_lpsm,258000.0,sb,ir,home,1U,13200.0,CRIF,726,CIB,65-74,to_inst,76.1627907,south,direct,1,39.0,Long-term
cf,Female,nopre,type1,p4,l1,nopc,nob/c,196500,3.75,0.3028,4687.5,not_neg,not_int,not_lpsm,478000.0,sb,pr,home,1U,4620.0,CRIF,731,CIB,35-44,to_inst,41.10878661,North,direct,0,33.0,Short-term
cf,Male,nopre,type1,p3,l1,nopc,nob/c,246500,4.375,0.7377,3076.8,not_neg,not_int,not_lpsm,308000.0,sb,pr,home,1U,5940.0,EXP,749,CIB,35-44,not_inst,80.03246753,North,direct,0,36.0,Long-term
ncf,Sex Not Available,nopre,type1,p1,l1,nopc,nob/c,266500,4.99,0.495,6250.0,neg_amm,not_int,not_lpsm,318000.0,sb,pr,home,1U,6600.0,CIB,819,CIB,35-44,to_inst,83.80503145,south,direct,0,54.0,Long-term
cf,Joint,nopre,type2,p3,l1,nopc,b/c,336500,3.75,0.7429,5024.14,not_neg,not_int,not_lpsm,1108000.0,sb,pr,home,1U,5040.0,CIB,695,EXP,65-74,to_inst,30.3700361,south,direct,0,40.0,Long-term
cf,Sex Not Available,pre,type1,p4,l1,nopc,nob/c,136500,3.75,0.7481,2579.5,not_neg,not_int,not_lpsm,378000.0,sb,pr,home,1U,5580.0,CIB,651,CIB,55-64,to_inst,36.11111111,south,direct,0,20.0,Medium-term
cf,Female,nopre,type1,p1,l2,nopc,nob/c,266500,4.375,0.2771,1250.0,not_neg,not_int,not_lpsm,338000.0,sb,pr,home,1U,7260.0,EXP,855,CIB,35-44,to_inst,78.84615385,North,direct,0,27.0,Long-term
cf,Female,nopre,type1,p1,l1,nopc,nob/c,126500,3.99,0.3599,1860.0,not_neg,not_int,not_lpsm,418000.0,sb,pr,home,1U,2100.0,EQUI,776,EXP,45-54,to_inst,0.3026315789473684,North,direct,1,39.0,Long-term
ncf,Male,pre,type1,p4,l1,nopc,nob/c,536500,4.125,0.1906,5483.5,not_neg,not_int,not_lpsm,568000.0,sb,pr,home,1U,5820.0,EXP,803,CIB,55-64,to_inst,94.45422535,North,direct,0,41.0,Long-term
cf,Male,nopre,type1,p1,l1,nopc,nob/c,216500,3.99,0.3599,1860.0,neg_amm,not_int,not_lpsm,418000.0,sb,pr,home,1U,1860.0,EQUI,544,EXP,25-34,to_inst,0.5179425837320574,North,direct,1,39.0,Long-term
cf,Sex Not Available,nopre,type1,p3,l1,nopc,nob/c,216500,3.75,0.3936,3149.75,not_neg,not_int,not_lpsm,358000.0,sb,pr,home,1U,3480.0,CRIF,829,CIB,45-54,to_inst,60.47486034,south,direct,0,44.0,Short-term
cf,Female,nopre,type1,p3,l1,nopc,nob/c,206500,3.99,0.3599,3953.13,not_neg,not_int,not_lpsm,328000.0,sb,pr,home,1U,2400.0,EXP,838,CIB,55-64,to_inst,62.95731707,North,direct,1,44.0,Long-term
cf,Sex Not Available,nopre,type3,p4,l1,nopc,nob/c,316500,4.25,-0.1723,110.48,not_neg,int_only,not_lpsm,338000.0,sb,pr,home,1U,6840.0,EXP,801,CIB,35-44,to_inst,93.63905325,south,direct,0,39.0,Long-term
cf,Male,pre,type2,p3,l1,nopc,b/c,246500,3.99,0.96485,2269.45,not_neg,not_int,not_lpsm,348000.0,sb,pr,home,1U,6000.0,CIB,515,CIB,55-64,to_inst,70.83333333,south,direct,1,29.0,Long-term
cf,Female,nopre,type1,p3,l1,nopc,nob/c,276500,4.0,0.0045,2535.99,not_neg,not_int,not_lpsm,658000.0,sb,pr,home,1U,2520.0,CRIF,767,CIB,55-64,not_inst,42.0212766,North,direct,0,41.0,Long-term
cf,Male,nopre,type1,p1,l1,nopc,nob/c,86500,3.99,0.3599,1860.0,not_neg,not_int,not_lpsm,88000.0,sb,pr,home,1U,2100.0,CIB,529,CIB,<25,to_inst,98.29545455,North,direct,1,25.0,Short-term
cf,Sex Not Available,nopre,type1,p3,l1,nopc,nob/c,226500,3.99,0.3599,3953.13,not_neg,not_int,not_lpsm,418000.0,sb,pr,home,1U,4560.0,EQUI,674,EXP,>74,to_inst,0.5418660287081339,south,direct,1,39.0,Long-term
cf,Male,nopre,type1,p4,l1,nopc,nob/c,306500,2.875,-0.2083,8684.48,not_neg,not_int,not_lpsm,418000.0,sb,pr,home,1U,7380.0,CIB,748,CIB,45-54,to_inst,73.32535885,North,direct,0,36.0,Short-term
cf,Sex Not Available,nopre,type2,p3,l1,nopc,b/c,126500,3.99,0.96485,2269.45,neg_amm,not_int,not_lpsm,178000.0,sb,pr,home,1U,2580.0,CIB,692,CIB,55-64,to_inst,71.06741573,south,direct,1,43.0,Long-term
cf,Female,pre,type1,p1,l1,nopc,nob/c,516500,4.625,0.5153,525.0,neg_amm,not_int,not_lpsm,648000.0,sb,pr,home,1U,9000.0,CRIF,881,CIB,25-34,to_inst,79.70679012,North,direct,0,32.0,Long-term
cf,Sex Not Available,nopre,type1,p1,l1,nopc,nob/c,266500,4.375,0.9284,8029.88,not_neg,not_int,not_lpsm,338000.0,sb,ir,home,1U,8280.0,CIB,679,EXP,45-54,to_inst,78.84615385,south,direct,0,40.0,Long-term
cf,Female,pre,type1,p4,l1,nopc,nob/c,516500,3.875,0.0195,0.0,not_neg,not_int,not_lpsm,868000.0,sb,pr,home,1U,9660.0,CRIF,612,CIB,45-54,not_inst,59.50460829,North,direct,0,21.0,Long-term
cf,Male,nopre,type2,p1,l1,nopc,b/c,386500,3.99,0.96485,1401.81,not_neg,not_int,not_lpsm,388000.0,sb,pr,home,2U,6720.0,CRIF,587,CIB,25-34,not_inst,99.61340206,North,direct,1,56.0,Long-term
cf,Male,nopre,type2,p4,l1,nopc,b/c,296500,3.625,0.9144,0.0,not_neg,not_int,not_lpsm,328000.0,sb,pr,home,1U,6600.0,CRIF,619,CIB,45-54,not_inst,90.39634146,south,direct,0,39.0,Long-term
cf,Male,pre,type1,p3,l1,nopc,nob/c,426500,3.99,0.3599,3953.13,not_neg,not_int,not_lpsm,458000.0,sb,ir,home,1U,10140.0,EQUI,522,EXP,55-64,not_inst,0.9312227074235808,south,direct,1,39.0,Long-term
cf,Sex Not Available,nopre,type1,p3,l1,nopc,nob/c,226500,4.375,0.1842,7618.75,not_neg,not_int,not_lpsm,318000.0,sb,pr,home,1U,3420.0,CIB,759,CIB,45-54,to_inst,71.22641509,south,direct,0,37.0,Long-term
cf,Joint,nopre,type1,p3,l1,nopc,nob/c,216500,5.5,1.3017,6662.5,not_neg,not_int,not_lpsm,338000.0,sb,ir,home,1U,5820.0,EXP,787,EXP,>74,to_inst,64.05325444,central,direct,0,44.0,Long-term
cf,Joint,nopre,type2,p4,l1,nopc,b/c,346500,4.125,1.2387,0.0,not_neg,not_int,not_lpsm,358000.0,sb,pr,home,1U,5640.0,CIB,529,EXP,25-34,not_inst,96.7877095,North,direct,0,39.0,Long-term
cf,Joint,nopre,type1,p4,l1,nopc,nob/c,596500,3.625,-0.1722,0.0,not_neg,int_only,not_lpsm,998000.0,sb,pr,home,1U,9060.0,CRIF,659,EXP,35-44,not_inst,59.76953908,North,direct,0,48.0,Long-term
cf,Joint,nopre,type1,p4,l1,nopc,nob/c,296500,3.625,0.1542,4172.8,not_neg,not_int,not_lpsm,508000.0,sb,pr,home,1U,9300.0,CIB,857,EXP,55-64,to_inst,58.36614173,North,direct,0,24.0,Long-term
cf,Joint,nopre,type1,p4,l1,nopc,nob/c,606500,3.625,0.0078,0.0,not_neg,int_only,not_lpsm,998000.0,sb,pr,home,1U,11640.0,EXP,716,EXP,35-44,not_inst,60.77154309,south,direct,0,29.0,Long-term
cf,Male,nopre,type1,p1,l2,nopc,nob/c,286500,4.5,0.48975,1860.0,neg_amm,int_only,not_lpsm,298000.0,sb,pr,home,1U,3900.0,CRIF,554,CIB,45-54,to_inst,96.1409396,North,direct,1,43.0,Long-term
cf,Male,nopre,type2,p1,l1,nopc,b/c,86500,3.99,0.96485,1401.81,not_neg,not_int,not_lpsm,418000.0,sb,pr,home,1U,1800.0,EQUI,812,EXP,45-54,to_inst,0.2069377990430622,south,direct,1,39.0,Long-term
cf,Joint,nopre,type1,p1,l1,nopc,nob/c,386500,3.5,-0.0315,7650.0,not_neg,not_int,not_lpsm,428000.0,sb,pr,home,1U,5280.0,CIB,795,EXP,35-44,not_inst,90.30373832,North,direct,0,48.0,Long-term
cf,Joint,nopre,type1,p4,l1,nopc,nob/c,546500,3.5,-0.0522,0.0,not_neg,not_int,not_lpsm,628000.0,sb,pr,home,1U,11100.0,EXP,606,EXP,35-44,not_inst,87.02229299,south,direct,0,22.0,Long-term
cf,Male,nopre,type1,p3,l1,nopc,nob/c,236500,3.99,0.3599,3953.13,not_neg,not_int,lpsm,418000.0,sb,pr,home,1U,3960.0,EQUI,544,EXP,55-64,to_inst,0.5657894736842105,south,direct,1,39.0,Long-term
cf,Sex Not Available,nopre,type3,p4,l1,nopc,nob/c,156500,3.5,-0.1729,951.9,not_neg,not_int,not_lpsm,368000.0,sb,pr,home,1U,6600.0,EXP,714,EXP,45-54,to_inst,42.52717391,south,direct,1,39.0,Long-term
cf,Joint,nopre,type1,p3,l1,nopc,nob/c,726500,4.875,0.5874,4676.61,not_neg,not_int,not_lpsm,1368000.0,sb,ir,home,1U,20880.0,CIB,826,EXP,65-74,not_inst,53.10672515,North,direct,0,47.0,Long-term
cf,Female,nopre,type1,p3,l1,nopc,nob/c,316500,3.75,0.6713,4440.17,not_neg,not_int,not_lpsm,608000.0,sb,pr,home,1U,4020.0,CIB,613,CIB,25-34,to_inst,52.05592105,south,direct,0,47.0,Medium-term
cf,Sex Not Available,nopre,type1,p3,l1,nopc,nob/c,486500,3.625,0.4354,682.2,not_neg,not_int,not_lpsm,698000.0,sb,pr,home,1U,8460.0,CIB,828,EXP,55-64,not_inst,69.6991404,south,direct,0,46.0,Medium-term
cf,Sex Not Available,nopre,type1,p3,l1,nopc,nob/c,346500,4.99,1.2519,3650.0,not_neg,not_int,not_lpsm,458000.0,sb,pr,home,1U,7260.0,CIB,555,EXP,35-44,to_inst,75.65502183,south,direct,0,43.0,Long-term
cf,Sex Not Available,nopre,type1,p1,l1,nopc,nob/c,206500,3.99,-0.1322,3150.0,not_neg,not_int,not_lpsm,388000.0,sb,pr,home,1U,8940.0,EXP,517,EXP,55-64,to_inst,53.22164948,south,direct,0,28.0,Long-term
cf,Male,nopre,type1,p4,l1,nopc,nob/c,296500,3.5,0.2515,3467.0,not_neg,not_int,not_lpsm,378000.0,sb,pr,home,1U,9720.0,CRIF,863,CIB,45-54,to_inst,78.43915344,North,direct,0,20.0,Short-term
cf,Sex Not Available,pre,type1,p4,l1,nopc,nob/c,166500,3.5,0.5763,3330.3,not_neg,not_int,not_lpsm,298000.0,sb,pr,home,1U,8100.0,CRIF,690,CIB,55-64,to_inst,55.87248322,south,direct,0,26.0,Medium-term
cf,Sex Not Available,nopre,type2,p4,l1,nopc,b/c,136500,3.75,1.1763,2755.22,not_neg,not_int,not_lpsm,158000.0,sb,pr,home,1U,3720.0,CRIF,835,CIB,55-64,to_inst,86.39240506,south,direct,0,53.0,Long-term
cf,Joint,nopre,type3,p1,l2,nopc,nob/c,196500,3.875,-0.1529,1910.0,not_neg,not_int,not_lpsm,198000.0,sb,pr,home,1U,1740.0,CIB,777,EXP,65-74,not_inst,99.24242424,North,direct,0,51.0,Long-term
cf,Female,nopre,type2,p3,l1,nopc,b/c,146500,3.99,1.5919,3244.24,not_neg,not_int,not_lpsm,168000.0,sb,pr,home,1U,6180.0,CIB,591,CIB,55-64,to_inst,87.20238095,central,direct,0,38.0,Short-term
cf,Sex Not Available,pre,type2,p3,l1,nopc,b/c,76500,3.5,1.5687,1719.29,not_neg,not_int,not_lpsm,168000.0,sb,pr,home,1U,2760.0,CRIF,545,CIB,65-74,to_inst,45.53571429,south,direct,0,30.0,Short-term
cf,Joint,pre,type2,p3,l1,nopc,b/c,186500,3.99,1.4416,2269.45,not_neg,not_int,not_lpsm,188000.0,sb,pr,home,1U,3540.0,CRIF,605,EXP,35-44,to_inst,99.20212766,North,direct,0,40.0,Long-term
cf,Male,nopre,type1,p3,l1,nopc,nob/c,486500,4.625,0.1754,1002.6,neg_amm,not_int,not_lpsm,998000.0,sb,ir,home,1U,15420.0,CRIF,699,EXP,35-44,not_inst,48.74749499,North,direct,0,49.0,Long-term
cf,Sex Not Available,nopre,type1,p1,l1,nopc,nob/c,176500,3.99,0.3599,1860.0,neg_amm,not_int,not_lpsm,208000.0,sb,pr,home,1U,5040.0,EXP,898,CIB,55-64,to_inst,84.85576923,south,direct,1,47.0,Long-term
cf,Male,nopre,type1,p4,l1,nopc,nob/c,476500,3.875,-0.1723,6631.72,not_neg,not_int,not_lpsm,568000.0,sb,pr,home,1U,8400.0,EXP,511,CIB,35-44,not_inst,83.89084507,North,direct,0,36.0,Long-term
cf,Female,nopre,type1,p3,l1,nopc,nob/c,166500,3.875,0.3844,3716.0,not_neg,not_int,not_lpsm,208000.0,sb,pr,home,1U,2940.0,CIB,512,CIB,35-44,to_inst,80.04807692,central,direct,0,21.0,Long-term
cf,Male,pre,type1,p1,l1,nopc,nob/c,526500,5.125,1.4279,627.13,not_neg,not_int,not_lpsm,628000.0,sb,pr,home,1U,6300.0,CIB,900,CIB,25-34,not_inst,83.83757962,North,direct,0,44.0,Long-term
cf,Sex Not Available,pre,type3,p1,l1,nopc,nob/c,316500,3.625,-0.1625,0.0,not_neg,not_int,not_lpsm,318000.0,sb,pr,home,1U,6060.0,CIB,677,EXP,35-44,to_inst,99.52830189,south,direct,0,45.0,Long-term
ncf,Sex Not Available,nopre,type1,p4,l1,nopc,nob/c,3346500,3.99,0.3599,2170.705,not_neg,not_int,not_lpsm,418000.0,sb,pr,home,1U,33840.0,EQUI,538,EXP,>74,to_inst,8.00598086124402,south,direct,1,39.0,Long-term
cf,Male,pre,type1,p3,l1,nopc,nob/c,216500,3.75,0.2497,6628.89,not_neg,not_int,not_lpsm,318000.0,sb,pr,home,1U,4260.0,CRIF,556,CIB,55-64,to_inst,68.08176101,south,direct,0,30.0,Long-term
cf,Female,nopre,type2,p3,l1,nopc,b/c,146500,3.99,1.1432,2932.43,not_neg,not_int,not_lpsm,178000.0,sb,pr,home,1U,4980.0,CIB,806,CIB,35-44,to_inst,82.30337079,North,direct,0,26.0,Long-term
cf,Joint,nopre,type1,p3,l1,nopc,nob/c,226500,3.99,0.5393,6050.0,not_neg,not_int,not_lpsm,278000.0,sb,pr,home,1U,6480.0,EXP,571,EXP,55-64,to_inst,81.47482014,North,direct,0,20.0,Long-term
cf,Sex Not Available,pre,type2,p3,l1,nopc,b/c,126500,4.5,1.0006,2329.8,not_neg,not_int,not_lpsm,148000.0,sb,pr,home,1U,2340.0,CRIF,771,CIB,55-64,to_inst,85.47297297,south,direct,0,36.0,Long-term
cf,Sex Not Available,nopre,type1,p3,l1,nopc,nob/c,186500,4.5,0.3364,4303.13,not_neg,not_int,not_lpsm,238000.0,sb,pr,home,1U,2340.0,CIB,694,CIB,45-54,to_inst,78.36134454,south,direct,0,51.0,Long-term
cf,Joint,nopre,type1,p3,l1,nopc,nob/c,296500,3.99,0.5173,2691.0,not_neg,int_only,not_lpsm,348000.0,sb,pr,home,1U,10140.0,CIB,730,EXP,>74,not_inst,85.20114943,North,direct,0,37.0,Long-term
cf,Female,pre,type1,p1,l1,nopc,nob/c,406500,3.5,-0.0173,4595.0,not_neg,not_int,lpsm,508000.0,sb,pr,home,1U,7440.0,EXP,784,CIB,35-44,to_inst,80.01968504,North,direct,0,28.0,Long-term
cf,Sex Not Available,nopre,type2,p3,l1,nopc,b/c,346500,3.5,0.5855,6859.5,not_neg,not_int,not_lpsm,428000.0,sb,pr,home,1U,12720.0,CIB,508,EXP,45-54,to_inst,80.95794393,south,direct,0,37.0,Long-term
cf,Joint,nopre,type3,p3,l1,nopc,nob/c,476500,4.25,0.632,0.0,not_neg,int_only,not_lpsm,528000.0,sb,pr,home,1U,5040.0,CRIF,874,EXP,>74,not_inst,90.24621212,central,direct,0,56.0,Long-term
ncf,Female,pre,type1,p4,l1,nopc,nob/c,186500,4.125,0.2837,3064.25,not_neg,not_int,not_lpsm,308000.0,sb,pr,home,1U,3480.0,CIB,837,CIB,35-44,to_inst,60.55194805,North,direct,0,28.0,Long-term
ncf,Joint,pre,type1,p1,l1,nopc,nob/c,586500,3.99,0.3599,1860.0,not_neg,not_int,not_lpsm,418000.0,sb,pr,home,1U,10680.0,EQUI,750,EXP,25-34,to_inst,1.40311004784689,North,direct,1,39.0,Long-term
cf,Male,nopre,type1,p1,l1,nopc,nob/c,176500,4.875,0.6123,3515.0,neg_amm,not_int,not_lpsm,218000.0,sb,pr,home,1U,2760.0,CIB,752,CIB,65-74,to_inst,80.96330275,North,direct,0,46.0,Long-term
cf,Female,nopre,type2,p4,l1,nopc,b/c,156500,4.125,1.037,0.0,not_neg,not_int,not_lpsm,188000.0,sb,pr,home,1U,6300.0,CRIF,881,CIB,45-54,to_inst,83.24468085,central,direct,0,39.0,Long-term
cf,Male,nopre,type1,p1,l1,nopc,nob/c,496500,3.99,0.0432,25.82,not_neg,not_int,not_lpsm,528000.0,sb,pr,home,1U,5700.0,CRIF,833,CIB,35-44,not_inst,94.03409091,North,direct,0,45.0,Long-term
cf,Female,nopre,type1,p4,l1,nopc,nob/c,266500,4.5,0.8198,4922.63,not_neg,not_int,not_lpsm,398000.0,sb,pr,home,1U,4860.0,CIB,559,CIB,55-64,to_inst,66.95979899,North,direct,0,44.0,Long-term
cf,Sex Not Available,nopre,type2,p3,l1,nopc,b/c,346500,3.99,0.96485,2269.45,not_neg,not_int,not_lpsm,388000.0,sb,pr,home,1U,6060.0,CIB,578,EXP,35-44,to_inst,89.30412371,south,direct,1,36.0,Long-term
cf,Joint,nopre,type1,p4,l1,nopc,nob/c,686500,3.99,0.3599,2170.705,not_neg,not_int,not_lpsm,418000.0,sb,pr,home,1U,11640.0,EQUI,758,EXP,35-44,not_inst,1.6423444976076556,North,direct,1,39.0,Long-term
cf,Male,nopre,type2,p4,l1,nopc,b/c,276500,3.99,0.96485,0.0,not_neg,int_only,not_lpsm,288000.0,sb,pr,home,1U,2400.0,CRIF,866,CIB,35-44,not_inst,96.00694444,central,direct,1,34.0,Long-term
cf,Joint,nopre,type1,p4,l1,nopc,nob/c,626500,3.5,-0.1117,5653.0,not_neg,not_int,not_lpsm,1408000.0,sb,pr,home,1U,11760.0,CRIF,571,EXP,35-44,to_inst,44.49573864,south,direct,0,35.0,Long-term
cf,Joint,nopre,type1,p3,l1,nopc,nob/c,306500,3.99,0.3599,3953.13,not_neg,not_int,not_lpsm,1328000.0,sb,pr,home,1U,6660.0,CRIF,660,EXP,65-74,to_inst,23.07981928,North,direct,1,41.0,Short-term
cf,Joint,nopre,type1,p3,l1,nopc,nob/c,156500,3.75,0.8127,2525.67,not_neg,not_int,not_lpsm,368000.0,sb,pr,home,1U,9720.0,EXP,815,EXP,45-54,to_inst,42.52717391,North,direct,0,37.0,Short-term
cf,Sex Not Available,nopre,type3,p3,l1,nopc,nob/c,236500,3.5,-0.1729,3468.75,neg_amm,not_int,not_lpsm,288000.0,sb,pr,home,1U,4860.0,EXP,865,CIB,45-54,to_inst,82.11805556,south,direct,1,37.0,Long-term
cf,Male,nopre,type1,p1,l1,nopc,nob/c,286500,4.25,0.1813,108.44,not_neg,not_int,not_lpsm,328000.0,sb,pr,home,1U,7620.0,EXP,578,CIB,35-44,not_inst,87.34756098,North,direct,0,43.0,Long-term
cf,Sex Not Available,nopre,type2,p3,l1,nopc,b/c,306500,4.99,1.4111,1760.0,neg_amm,not_int,not_lpsm,358000.0,sb,pr,home,1U,8640.0,CIB,900,CIB,35-44,to_inst,85.61452514,south,direct,0,26.0,Long-term
cf,Sex Not Available,nopre,type1,p1,l1,nopc,nob/c,476500,3.99,0.3599,1860.0,not_neg,not_int,not_lpsm,448000.0,sb,pr,home,1U,8760.0,CRIF,859,EXP,35-44,to_inst,106.3616071,south,direct,1,47.0,Long-term
cf,Joint,nopre,type3,p1,l1,nopc,nob/c,396500,3.99,0.3182,5362.5,not_neg,not_int,not_lpsm,398000.0,sb,pr,home,1U,13800.0,CIB,706,EXP,55-64,to_inst,99.62311558,central,direct,0,49.0,Long-term
cf,Male,nopre,type1,p2,l1,nopc,nob/c,226500,5.0,0.686,950.0,not_neg,not_int,not_lpsm,308000.0,sb,ir,home,1U,11160.0,CRIF,888,CIB,35-44,not_inst,73.53896104,south,direct,0,39.0,Long-term
cf,Male,nopre,type1,p4,l1,nopc,nob/c,116500,3.99,0.5521,2961.88,neg_amm,not_int,not_lpsm,168000.0,sb,pr,home,1U,4620.0,EXP,605,EXP,25-34,to_inst,69.3452381,North,direct,0,35.0,Short-term
cf,Sex Not Available,pre,type1,p1,l1,nopc,nob/c,206500,4.5,0.528,2751.25,not_neg,not_int,not_lpsm,228000.0,sb,pr,home,1U,6600.0,CRIF,898,CIB,45-54,to_inst,90.57017544,south,direct,0,24.0,Long-term
cf,Female,nopre,type1,p3,l1,nopc,nob/c,526500,3.99,0.3599,3953.13,not_neg,not_int,lpsm,668000.0,sb,pr,home,1U,2640.0,CRIF,656,CIB,35-44,not_inst,78.81736527,North,direct,1,11.0,Long-term
cf,Sex Not Available,nopre,type1,p3,l1,nopc,nob/c,216500,3.875,0.2891,4547.0,not_neg,not_int,not_lpsm,328000.0,sb,pr,home,1U,2340.0,CRIF,532,CIB,55-64,to_inst,66.00609756,south,direct,0,42.0,Long-term
cf,Female,nopre,type1,p4,l1,nopc,nob/c,516500,3.25,-0.2243,2170.705,not_neg,not_int,not_lpsm,598000.0,sb,pr,home,1U,10800.0,CIB,578,CIB,35-44,to_inst,86.37123746,south,direct,0,31.0,Long-term
ncf,Male,pre,type1,p1,l1,nopc,nob/c,416500,4.625,0.5537,735.0,not_neg,not_int,not_lpsm,548000.0,sb,sr,home,1U,11460.0,CRIF,876,CIB,55-64,to_inst,76.00364964,North,direct,0,21.0,Long-term
cf,Sex Not Available,pre,type1,p3,l1,nopc,nob/c,406500,3.99,0.3599,3953.13,not_neg,not_int,not_lpsm,498000.0,sb,pr,home,1U,12660.0,CIB,792,CIB,45-54,to_inst,81.62650602,south,direct,1,27.0,Long-term
cf,Male,nopre,type1,p1,l1,nopc,nob/c,76500,3.99,0.3599,1860.0,neg_amm,not_int,not_lpsm,278000.0,sb,pr,home,1U,1620.0,CIB,820,CIB,65-74,to_inst,27.51798561,North,direct,1,61.0,Long-term
cf,Male,nopre,type1,p3,l1,nopc,nob/c,486500,3.99,0.3599,3953.13,not_neg,not_int,not_lpsm,528000.0,sb,pr,home,1U,14460.0,CIB,560,CIB,45-54,to_inst,92.14015152,south,direct,1,20.0,Short-term
cf,Sex Not Available,nopre,type3,p4,l1,nopc,nob/c,306500,3.5,-0.1729,951.9,not_neg,not_int,not_lpsm,418000.0,sb,pr,home,1U,0.0,EQUI,546,EXP,55-64,to_inst,0.7332535885167464,south,direct,1,39.0,Long-term
cf,Joint,nopre,type2,p1,l1,nopc,b/c,526500,4.25,1.0847,0.0,not_neg,not_int,not_lpsm,538000.0,sb,pr,home,1U,7500.0,EXP,567,EXP,45-54,not_inst,97.86245353,North,direct,0,37.0,Long-term
cf,Joint,nopre,type1,p2,l1,nopc,nob/c,186500,4.56,0.7835,447.7,not_neg,not_int,not_lpsm,318000.0,sb,pr,home,1U,3600.0,CRIF,535,EXP,55-64,not_inst,58.64779874,North,direct,0,37.0,Long-term
cf,Joint,nopre,type1,p1,l1,nopc,nob/c,256500,4.75,0.3895,0.0,not_neg,not_int,not_lpsm,348000.0,sb,ir,home,1U,20820.0,EXP,699,EXP,45-54,not_inst,73.70689655,south,direct,0,38.0,Long-term
ncf,Joint,pre,type3,p4,l1,nopc,nob/c,516500,3.125,-0.6342,5132.62,not_neg,not_int,not_lpsm,548000.0,sb,pr,home,1U,6840.0,EXP,589,EXP,35-44,not_inst,94.25182482,south,direct,0,39.0,Long-term
cf,Sex Not Available,nopre,type1,p3,l1,nopc,nob/c,286500,3.99,0.3599,3953.13,not_neg,not_int,not_lpsm,328000.0,sb,pr,home,1U,9360.0,EXP,814,CIB,55-64,to_inst,87.34756098,south,direct,1,45.0,Long-term
cf,Female,nopre,type1,p3,l1,nopc,nob/c,226500,3.99,0.4995,0.0,not_neg,not_int,not_lpsm,308000.0,sb,pr,home,1U,4200.0,CIB,707,CIB,55-64,to_inst,73.53896104,North,direct,0,39.0,Long-term
cf,Sex Not Available,nopre,type2,p3,l1,nopc,b/c,326500,3.99,0.96485,2269.45,not_neg,not_int,not_lpsm,388000.0,sb,pr,home,1U,5100.0,CRIF,566,EXP,55-64,to_inst,84.14948454,south,direct,1,51.0,Long-term
cf,Sex Not Available,nopre,type1,p3,l1,nopc,nob/c,356500,4.125,0.2127,8404.01,not_neg,not_int,not_lpsm,468000.0,sb,pr,home,1U,22620.0,CRIF,638,EXP,45-54,to_inst,76.17521368,south,direct,0,17.0,Long-term
cf,Male,nopre,type1,p3,l1,nopc,nob/c,176500,4.99,0.8268,2648.75,not_neg,not_int,not_lpsm,238000.0,sb,sr,home,1U,9060.0,EXP,636,EXP,55-64,to_inst,74.15966387,North,direct,0,34.0,Long-term
cf,Joint,nopre,type1,p4,l1,nopc,nob/c,416500,3.99,0.3599,2170.705,not_neg,not_int,not_lpsm,418000.0,sb,pr,home,1U,4800.0,EQUI,701,EXP,>74,to_inst,0.9964114832535884,south,direct,1,39.0,Long-term
cf,Sex Not Available,nopre,type2,p3,l1,nopc,b/c,116500,3.25,1.3149,3579.3,not_neg,not_int,not_lpsm,158000.0,sb,pr,home,1U,2220.0,CIB,609,EXP,45-54,to_inst,73.73417722,south,direct,0,42.0,Short-term
cf,Joint,nopre,type3,p1,l1,nopc,nob/c,506500,3.5,-0.3641,3146.15,not_neg,not_int,not_lpsm,508000.0,sb,pr,home,1U,18780.0,EXP,845,EXP,35-44,not_inst,99.70472441,central,direct,0,35.0,Long-term
cf,Joint,nopre,type1,p3,l1,nopc,nob/c,486500,3.625,0.0522,2776.48,not_neg,not_int,not_lpsm,708000.0,sb,pr,home,1U,5880.0,CIB,635,EXP,55-64,not_inst,68.71468927,North,direct,0,39.0,Long-term
ncf,Sex Not Available,pre,type3,p4,l1,nopc,nob/c,696500,3.125,-0.5779,3980.15,not_neg,not_int,not_lpsm,858000.0,sb,pr,home,1U,5940.0,EXP,529,EXP,25-34,to_inst,81.17715618,south,direct,0,39.0,Long-term
cf,Male,nopre,type2,p1,l1,nopc,b/c,496500,3.99,0.96485,1401.81,neg_amm,not_int,not_lpsm,508000.0,sb,pr,home,1U,6120.0,EXP,760,EXP,35-44,not_inst,97.73622047,North,direct,1,47.0,Long-term
cf,Female,nopre,type1,p4,l1,nopc,nob/c,426500,3.875,0.0938,1844.13,not_neg,not_int,not_lpsm,528000.0,sb,pr,home,1U,5460.0,CRIF,540,CIB,25-34,not_inst,80.77651515,south,direct,0,43.0,Long-term
cf,Female,pre,type1,p1,l1,nopc,nob/c,566500,4.25,0.6984,1272.02,not_neg,not_int,not_lpsm,638000.0,sb,pr,home,1U,6600.0,CRIF,577,EXP,<25,not_inst,88.79310345,North,direct,0,47.0,Long-term
cf,Female,nopre,type1,p3,l1,nopc,nob/c,366500,3.99,0.3599,3953.13,not_neg,not_int,lpsm,418000.0,sb,pr,home,1U,4140.0,EQUI,564,EXP,35-44,not_inst,0.8767942583732058,south,direct,1,39.0,Long-term
cf,Sex Not Available,nopre,type1,p1,l2,nopc,nob/c,206500,4.99,1.2163,2781.25,not_neg,not_int,not_lpsm,228000.0,sb,sr,home,1U,13260.0,CIB,879,EXP,45-54,to_inst,90.57017544,south,direct,0,42.0,Long-term
cf,Male,nopre,type1,p3,l1,nopc,nob/c,176500,5.625,1.4833,3953.13,not_neg,not_int,not_lpsm,258000.0,sb,ir,home,1U,12240.0,EXP,852,EXP,45-54,to_inst,68.41085271,North,direct,0,30.0,Long-term
cf,Sex Not Available,nopre,type1,p4,l1,nopc,nob/c,236500,2.99,-0.0692,6853.81,not_neg,not_int,not_lpsm,328000.0,sb,pr,home,1U,5400.0,CIB,538,CIB,35-44,to_inst,72.10365854,south,direct,0,37.0,Short-term
cf,Female,nopre,type1,p3,l1,nopc,nob/c,226500,4.5,0.355,6527.14,not_neg,not_int,not_lpsm,338000.0,sb,pr,home,1U,2340.0,CRIF,876,CIB,55-64,to_inst,67.01183432,central,direct,0,45.0,Long-term
cf,Joint,nopre,type1,p4,l1,nopc,nob/c,346500,3.25,-0.3178,8688.19,not_neg,not_int,not_lpsm,468000.0,sb,pr,home,1U,6660.0,CRIF,588,EXP,25-34,not_inst,74.03846154,south,direct,0,49.0,Long-term
cf,Joint,nopre,type1,p3,l2,opc,nob/c,286500,5.25,0.232,3953.13,not_neg,int_only,not_lpsm,808000.0,sb,pr,home,1U,6600.0,CRIF,689,EXP,>74,to_inst,35.45792079,North,direct,0,42.0,Long-term
cf,Joint,nopre,type1,p3,l1,nopc,nob/c,216500,3.5,0.3489,4253.69,not_neg,not_int,not_lpsm,328000.0,sb,pr,home,1U,8220.0,CIB,584,EXP,45-54,to_inst,66.00609756,central,direct,0,40.0,Short-term
cf,Female,nopre,type1,p1,l1,nopc,nob/c,356500,4.25,1.4778,13062.5,not_neg,not_int,not_lpsm,388000.0,sb,pr,home,1U,6900.0,CRIF,852,EXP,45-54,to_inst,91.8814433,North,direct,0,49.0,Long-term
cf,Male,nopre,type1,p4,l1,nopc,nob/c,276500,3.375,-0.2133,3003.45,not_neg,not_int,not_lpsm,418000.0,sb,sr,home,1U,13440.0,EXP,837,CIB,45-54,not_inst,66.14832536,south,direct,0,42.0,Long-term
cf,Sex Not Available,pre,type1,p3,l1,nopc,nob/c,126500,4.375,0.9281,3656.25,not_neg,not_int,not_lpsm,178000.0,sb,pr,home,1U,1500.0,EXP,602,CIB,65-74,to_inst,71.06741573,south,direct,0,44.0,Long-term
cf,Joint,nopre,type1,p4,l1,nopc,nob/c,676500,4.375,0.1999,0.0,not_neg,not_int,not_lpsm,1188000.0,sb,pr,home,1U,17400.0,EXP,812,EXP,35-44,not_inst,56.94444444,south,direct,0,18.0,Long-term
cf,Sex Not Available,nopre,type1,p3,l1,nopc,nob/c,196500,4.5,0.6296,5692.19,not_neg,not_int,not_lpsm,258000.0,sb,pr,home,1U,3960.0,EXP,847,CIB,55-64,to_inst,76.1627907,south,direct,0,26.0,Long-term
cf,Sex Not Available,nopre,type1,p3,l1,nopc,nob/c,166500,4.625,1.1154,4400.0,not_neg,not_int,not_lpsm,218000.0,sb,pr,home,1U,4620.0,CIB,557,EXP,35-44,to_inst,76.37614679,south,direct,0,39.0,Long-term
cf,Male,nopre,type1,p1,l1,nopc,nob/c,506500,4.75,1.3129,8869.42,not_neg,not_int,not_lpsm,678000.0,sb,ir,home,3U,8340.0,EXP,839,CIB,35-44,not_inst,74.70501475,south,direct,0,34.0,Long-term
cf,Female,pre,type1,p3,l1,nopc,nob/c,186500,4.625,0.2222,652.5,neg_amm,not_int,not_lpsm,398000.0,sb,pr,home,1U,2820.0,CRIF,827,CIB,55-64,to_inst,46.85929648,North,direct,0,60.0,Long-term
cf,Female,nopre,type1,p1,l1,nopc,nob/c,726500,4.25,-0.186,1215.89,not_neg,not_int,not_lpsm,1228000.0,sb,pr,home,1U,7740.0,CIB,505,CIB,55-64,not_inst,59.16123779,North,direct,0,49.0,Long-term
cf,Female,nopre,type1,p3,l1,nopc,nob/c,206500,4.625,0.4325,6110.0,neg_amm,not_int,not_lpsm,308000.0,sb,pr,home,1U,2700.0,EXP,818,EXP,45-54,to_inst,67.04545455,North,direct,0,46.0,Long-term
cf,Sex Not Available,nopre,type2,p1,l1,nopc,b/c,326500,3.99,1.2915,0.0,not_neg,not_int,not_lpsm,328000.0,sb,pr,home,1U,5520.0,EXP,566,CIB,45-54,to_inst,99.54268293,south,direct,0,33.0,Long-term
cf,Male,nopre,type1,p3,l1,nopc,nob/c,86500,4.625,1.4607,3226.0,not_neg,not_int,not_lpsm,198000.0,sb,pr,home,1U,1560.0,EXP,627,CIB,65-74,to_inst,43.68686869,central,direct,0,44.0,Short-term
cf,Female,nopre,type2,p3,l1,nopc,b/c,206500,3.99,1.0027,2075.7,not_neg,not_int,not_lpsm,268000.0,sb,pr,home,1U,4080.0,CIB,750,EXP,55-64,to_inst,77.05223881,North,direct,0,46.0,Long-term
cf,Female,nopre,type1,p4,l1,nopc,nob/c,636500,3.625,-0.0573,450.8,not_neg,not_int,lpsm,1138000.0,sb,pr,home,1U,7260.0,CIB,515,CIB,55-64,not_inst,55.9314587,south,direct,0,49.0,Long-term
cf,Male,nopre,type1,p4,l1,nopc,nob/c,416500,4.0,-0.236,995.0,not_neg,not_int,not_lpsm,468000.0,sb,pr,home,1U,8700.0,CRIF,591,CIB,35-44,not_inst,88.9957265,North,direct,0,48.0,Long-term
cf,Female,nopre,type1,p4,l1,nopc,nob/c,406500,4.0,0.283,44.44,not_neg,not_int,not_lpsm,478000.0,sb,pr,home,1U,6000.0,CRIF,526,CIB,25-34,not_inst,85.041841,south,direct,0,30.0,Long-term
cf,Male,pre,type1,p3,l1,nopc,nob/c,436500,4.5,1.0727,6087.5,not_neg,not_int,not_lpsm,608000.0,sb,ir,home,1U,6900.0,CIB,545,CIB,55-64,to_inst,71.79276316,south,direct,0,43.0,Long-term
cf,Male,pre,type3,p4,l1,nopc,nob/c,566500,2.99,-0.4327,10855.69,not_neg,not_int,not_lpsm,648000.0,sb,pr,home,1U,6660.0,CIB,888,EXP,35-44,to_inst,87.42283951,North,direct,0,39.0,Long-term
cf,Joint,nopre,type1,p1,l1,nopc,nob/c,346500,3.5,-0.0254,0.0,not_neg,not_int,not_lpsm,648000.0,sb,pr,home,1U,6240.0,CIB,610,EXP,45-54,not_inst,53.47222222,North,direct,0,40.0,Long-term
cf,Male,nopre,type1,p4,l1,nopc,nob/c,86500,3.875,1.1628,2574.17,not_neg,not_int,not_lpsm,98000.0,sb,pr,home,1U,3960.0,EXP,855,CIB,45-54,to_inst,88.26530612,North,direct,0,43.0,Short-term
cf,Female,nopre,type1,p1,l1,nopc,nob/c,96500,3.99,1.0434,2829.56,not_neg,not_int,not_lpsm,128000.0,sb,pr,home,1U,1260.0,CIB,605,CIB,65-74,to_inst,75.390625,North,direct,0,48.0,Short-term
cf,Male,nopre,type1,p3,l1,nopc,nob/c,126500,4.75,0.7266,3107.48,not_neg,not_int,not_lpsm,188000.0,sb,pr,home,1U,1740.0,CIB,579,CIB,>74,to_inst,67.28723404,North,direct,0,40.0,Long-term
cf,Female,nopre,type1,p2,l1,nopc,nob/c,286500,3.99,0.3599,2741.0,neg_amm,not_int,not_lpsm,438000.0,sb,ir,home,1U,8820.0,CRIF,674,CIB,45-54,not_inst,65.4109589,North,direct,1,28.0,Long-term
cf,Male,nopre,type1,p1,l1,nopc,nob/c,126500,4.25,1.114,3455.54,not_neg,not_int,not_lpsm,138000.0,sb,pr,home,1U,3000.0,EXP,805,CIB,45-54,to_inst,91.66666667,North-East,direct,0,45.0,Long-term
cf,Male,nopre,type1,p1,l1,nopc,nob/c,276500,3.99,0.3599,1860.0,not_neg,not_int,not_lpsm,308000.0,sb,pr,home,1U,3420.0,EXP,835,CIB,45-54,not_inst,89.77272727,North,direct,1,47.0,Long-term
cf,Sex Not Available,nopre,type2,p3,l1,nopc,b/c,266500,3.99,0.96485,2269.45,not_neg,not_int,not_lpsm,418000.0,sb,pr,home,1U,5160.0,EQUI,882,EXP,45-54,to_inst,0.6375598086124402,south,direct,1,39.0,Long-term
cf,Female,nopre,type1,p4,l1,nopc,nob/c,446500,4.75,0.2658,0.0,not_neg,not_int,not_lpsm,898000.0,sb,ir,home,1U,11100.0,CRIF,681,CIB,55-64,not_inst,49.72160356,south,direct,0,40.0,Long-term
cf,Sex Not Available,pre,type1,p4,l1,nopc,nob/c,436500,3.5,-0.096,0.0,not_neg,not_int,not_lpsm,848000.0,sb,pr,home,1U,8580.0,CRIF,743,CIB,35-44,not_inst,51.4740566,south,direct,0,46.0,Long-term
cf,Male,pre,type2,p3,l1,nopc,b/c,136500,3.99,1.659,2269.45,not_neg,not_int,not_lpsm,138000.0,sb,pr,home,1U,4800.0,EXP,771,CIB,25-34,to_inst,98.91304348,North,direct,0,37.0,Long-term
cf,Male,nopre,type1,p4,l1,nopc,nob/c,466500,4.125,-0.3371,0.0,not_neg,not_int,not_lpsm,778000.0,sb,pr,home,1U,6960.0,CIB,595,CIB,45-54,not_inst,59.96143959,North,direct,0,34.0,Long-term
cf,Joint,pre,type1,p1,l1,nopc,nob/c,96500,5.5,1.3628,150.0,not_neg,not_int,not_lpsm,98000.0,sb,pr,home,1U,2520.0,EXP,613,EXP,55-64,to_inst,98.46938776,North,direct,0,47.0,Long-term
cf,Sex Not Available,nopre,type1,p4,l1,nopc,nob/c,296500,3.875,0.2474,3861.81,not_neg,not_int,not_lpsm,508000.0,sb,pr,home,1U,8760.0,CIB,624,EXP,55-64,to_inst,58.36614173,south,direct,0,47.0,Long-term
cf,Joint,nopre,type1,p4,l1,nopc,nob/c,226500,3.99,0.337,295.0,not_neg,int_only,not_lpsm,318000.0,sb,pr,home,1U,13920.0,EXP,714,EXP,>74,to_inst,71.22641509,North,direct,0,41.0,Long-term
cf,Male,nopre,type1,p4,l1,nopc,nob/c,406500,3.625,0.2857,7750.0,not_neg,not_int,not_lpsm,448000.0,sb,pr,home,1U,9060.0,CIB,553,CIB,35-44,to_inst,90.73660714,North,direct,0,46.0,Long-term
cf,Sex Not Available,nopre,type1,p4,l1,nopc,nob/c,686500,3.99,0.5048,11030.44,not_neg,not_int,not_lpsm,1008000.0,sb,pr,home,1U,12060.0,EXP,643,EXP,55-64,to_inst,68.10515873,south,direct,0,38.0,Long-term
cf,Male,nopre,type1,p3,l1,nopc,nob/c,146500,3.99,0.5385,5137.09,neg_amm,not_int,not_lpsm,378000.0,sb,pr,home,1U,4020.0,CIB,866,CIB,55-64,to_inst,38.75661376,North,direct,0,28.0,Short-term
cf,Male,nopre,type1,p1,l1,nopc,nob/c,726500,3.99,0.3599,1860.0,neg_amm,not_int,not_lpsm,418000.0,sb,pr,home,1U,9300.0,EQUI,866,EXP,45-54,not_inst,1.7380382775119618,North,direct,1,39.0,Long-term
ncf,Female,pre,type1,p1,l1,nopc,nob/c,346500,4.125,-0.0211,0.0,not_neg,not_int,not_lpsm,388000.0,sb,pr,home,1U,4380.0,CRIF,828,CIB,25-34,not_inst,89.30412371,North,direct,0,42.0,Long-term
cf,Male,nopre,type1,p4,l1,nopc,nob/c,356500,4.125,-0.0667,0.0,not_neg,not_int,not_lpsm,558000.0,sb,pr,home,1U,8880.0,CRIF,880,CIB,55-64,not_inst,63.88888889,south,direct,0,28.0,Long-term
cf,Sex Not Available,nopre,type1,p1,l1,nopc,nob/c,106500,3.99,0.4876,3645.0,not_neg,not_int,not_lpsm,138000.0,sb,pr,home,1U,2580.0,CRIF,883,EXP,65-74,to_inst,77.17391304,south,direct,0,47.0,Long-term
cf,Male,nopre,type1,p3,l1,nopc,nob/c,156500,4.75,1.2464,3875.0,not_neg,not_int,not_lpsm,248000.0,sb,pr,home,1U,4500.0,CRIF,691,EXP,45-54,to_inst,63.10483871,North,direct,0,37.0,Long-term
cf,Sex Not Available,nopre,type1,p3,l1,nopc,nob/c,326500,3.75,0.2303,7382.96,not_neg,not_int,not_lpsm,408000.0,sb,pr,home,1U,5520.0,CRIF,601,CIB,35-44,to_inst,80.0245098,south,direct,0,35.0,Long-term
cf,Joint,nopre,type1,p4,l1,nopc,nob/c,396500,3.625,-0.143,0.0,not_neg,not_int,not_lpsm,538000.0,sb,pr,home,1U,5640.0,CIB,818,EXP,25-34,not_inst,73.69888476,North,direct,0,44.0,Long-term
cf,Joint,nopre,type3,p3,l1,nopc,nob/c,676500,3.49,-0.0575,0.0,not_neg,not_int,not_lpsm,758000.0,sb,pr,home,1U,15360.0,CIB,766,EXP,45-54,not_inst,89.24802111,North,direct,0,29.0,Long-term
cf,Sex Not Available,pre,type1,p4,l1,nopc,nob/c,456500,4.5,0.7248,0.0,not_neg,not_int,not_lpsm,658000.0,sb,pr,home,1U,6480.0,CIB,595,EXP,55-64,to_inst,69.3768997,south,direct,0,48.0,Long-term
cf,Joint,nopre,type1,p4,l1,nopc,nob/c,166500,3.99,0.3599,2170.705,not_neg,not_int,not_lpsm,538000.0,sb,ir,home,1U,32400.0,CIB,782,EXP,45-54,not_inst,30.94795539,south,direct,1,37.0,Long-term
cf,Female,nopre,type1,p1,l1,nopc,nob/c,126500,4.75,0.4304,2830.06,not_neg,not_int,not_lpsm,138000.0,sb,pr,home,1U,3180.0,CRIF,873,CIB,65-74,to_inst,91.66666667,North,direct,0,48.0,Long-term
cf,Female,nopre,type1,p3,l1,nopc,nob/c,636500,3.875,0.2901,13910.0,not_neg,not_int,not_lpsm,898000.0,sb,pr,home,1U,8640.0,CRIF,828,CIB,65-74,to_inst,70.87973274,North,direct,0,45.0,Long-term
cf,Female,nopre,type1,p4,l1,nopc,nob/c,256500,3.5,0.2093,8209.0,not_neg,not_int,not_lpsm,338000.0,sb,pr,home,1U,5280.0,EXP,814,CIB,45-54,to_inst,75.88757396,central,direct,0,40.0,Long-term
cf,Sex Not Available,nopre,type1,p2,l2,nopc,nob/c,176500,4.5,0.5362,4750.0,not_neg,not_int,not_lpsm,248000.0,sb,pr,home,1U,6120.0,CRIF,788,EXP,45-54,to_inst,71.16935484,south,direct,0,21.0,Long-term
cf,Female,pre,type1,p1,l1,nopc,nob/c,486500,3.99,0.3599,1860.0,not_neg,not_int,not_lpsm,418000.0,sb,pr,home,1U,11400.0,EQUI,597,EXP,25-34,to_inst,1.1638755980861244,south,direct,1,39.0,Long-term
cf,Male,nopre,type1,p4,l1,nopc,nob/c,146500,3.99,0.3599,2170.705,not_neg,not_int,not_lpsm,418000.0,sb,pr,home,1U,2940.0,EQUI,884,EXP,35-44,to_inst,0.3504784688995215,south,direct,1,39.0,Medium-term
cf,Female,nopre,type1,p3,l1,nopc,nob/c,486500,4.375,0.3178,2350.0,not_neg,int_only,not_lpsm,648000.0,sb,pr,home,1U,7920.0,EXP,603,CIB,55-64,to_inst,75.07716049,south,direct,0,47.0,Long-term
cf,Joint,nopre,type1,p1,l2,nopc,nob/c,356500,4.5,0.48975,1860.0,neg_amm,not_int,not_lpsm,368000.0,sb,pr,home,1U,2400.0,EXP,543,EXP,25-34,not_inst,96.875,North,direct,1,51.0,Long-term
cf,Female,nopre,type1,p3,l2,nopc,nob/c,236500,3.99,0.6541,4523.24,not_neg,not_int,not_lpsm,538000.0,sb,pr,home,1U,6780.0,CIB,639,CIB,25-34,to_inst,43.95910781,south,direct,0,38.0,Short-term
cf,Female,nopre,type1,p3,l2,opc,nob/c,206500,6.24,1.182,3953.13,not_neg,int_only,not_lpsm,968000.0,sb,pr,home,1U,9120.0,EXP,806,CIB,45-54,to_inst,21.33264463,North,direct,0,41.0,Long-term
cf,Sex Not Available,nopre,type1,p3,l1,nopc,nob/c,276500,4.56,0.1428,3551.1,neg_amm,not_int,not_lpsm,478000.0,sb,pr,home,1U,9900.0,CIB,827,EXP,45-54,to_inst,57.84518828,south,direct,0,7.0,Long-term
cf,Sex Not Available,pre,type1,p3,l1,nopc,nob/c,266500,3.99,0.3599,3953.13,not_neg,not_int,not_lpsm,338000.0,sb,pr,home,1U,2640.0,CRIF,584,CIB,45-54,to_inst,78.84615385,south,direct,1,40.0,Long-term
cf,Male,nopre,type1,p4,l1,nopc,nob/c,286500,3.99,0.3599,2170.705,not_neg,not_int,not_lpsm,418000.0,sb,pr,home,1U,6780.0,EQUI,566,EXP,45-54,to_inst,0.6854066985645934,North,direct,1,39.0,Long-term
cf,Sex Not Available,nopre,type3,p1,l2,nopc,nob/c,66500,4.625,0.827,943.26,not_neg,not_int,not_lpsm,68000.0,sb,pr,home,1U,2460.0,CRIF,802,CIB,65-74,to_inst,97.79411765,south,direct,0,47.0,Long-term
ncf,Joint,nopre,type1,p1,l1,nopc,nob/c,1336500,3.99,0.3599,1860.0,not_neg,not_int,not_lpsm,1678000.0,sb,pr,home,1U,12900.0,CRIF,592,EXP,35-44,not_inst,79.64839094,North,direct,1,51.0,Long-term
cf,Male,pre,type1,p3,l1,nopc,nob/c,206500,4.25,0.2088,7150.0,not_neg,not_int,not_lpsm,358000.0,sb,pr,home,1U,2760.0,CIB,893,CIB,65-74,to_inst,57.68156425,North,direct,0,30.0,Long-term
cf,Joint,pre,type2,p1,l1,nopc,b/c,226500,3.75,1.2861,6736.18,not_neg,not_int,not_lpsm,238000.0,sb,pr,home,1U,3540.0,CIB,794,EXP,65-74,to_inst,95.16806723,North,direct,0,57.0,Long-term
cf,Sex Not Available,pre,type1,p4,l1,nopc,nob/c,126500,4.25,0.0028,3634.46,neg_amm,not_int,not_lpsm,268000.0,sb,pr,home,1U,6420.0,CIB,739,CIB,45-54,to_inst,47.20149254,south,direct,0,7.0,Long-term
cf,Male,nopre,type3,p3,l1,nopc,nob/c,156500,3.75,1.1857,1925.12,not_neg,not_int,not_lpsm,208000.0,sb,pr,home,1U,3600.0,CIB,868,CIB,65-74,to_inst,75.24038462,central,direct,0,54.0,Short-term
cf,Sex Not Available,nopre,type1,p4,l1,nopc,nob/c,406500,3.99,0.2112,0.0,not_neg,not_int,not_lpsm,678000.0,sb,pr,home,1U,5700.0,EXP,815,CIB,35-44,to_inst,59.95575221,south,direct,0,46.0,Long-term
cf,Sex Not Available,nopre,type1,p3,l1,nopc,nob/c,546500,4.99,0.7048,4525.0,neg_amm,not_int,not_lpsm,678000.0,sb,pr,home,1U,7200.0,CIB,766,CIB,45-54,to_inst,80.60471976,south,direct,0,42.0,Long-term
ncf,Joint,nopre,type1,p3,l1,nopc,nob/c,996500,3.99,0.3599,3953.13,not_neg,not_int,not_lpsm,1338000.0,sb,pr,home,1U,14220.0,CIB,720,EXP,55-64,to_inst,74.47683109,central,direct,1,42.0,Long-term
cf,Sex Not Available,nopre,type1,p4,l1,nopc,nob/c,266500,3.99,0.3599,2170.705,not_neg,not_int,not_lpsm,428000.0,sb,pr,home,1U,1680.0,CRIF,702,EXP,45-54,to_inst,62.26635514,south,direct,1,17.0,Long-term
cf,Male,pre,type1,p1,l1,nopc,nob/c,316500,4.125,0.5418,0.0,not_neg,not_int,not_lpsm,328000.0,sb,pr,home,1U,3660.0,EXP,669,CIB,25-34,not_inst,96.49390244,North,direct,0,48.0,Long-term
cf,Male,nopre,type1,p4,l1,nopc,nob/c,506500,4.0,0.545,0.0,not_neg,not_int,not_lpsm,548000.0,sb,pr,home,1U,6540.0,EXP,877,CIB,35-44,not_inst,92.4270073,central,direct,0,44.0,Long-term
cf,Joint,nopre,type1,p3,l1,nopc,nob/c,186500,3.99,1.2042,5390.0,not_neg,not_int,not_lpsm,238000.0,sb,pr,home,1U,12600.0,EXP,870,EXP,55-64,to_inst,78.36134454,North,direct,0,42.0,Short-term
cf,Joint,nopre,type1,p3,l1,nopc,nob/c,486500,4.99,0.6678,2668.98,not_neg,not_int,not_lpsm,678000.0,sb,pr,home,1U,10020.0,CIB,803,EXP,65-74,not_inst,71.75516224,central,direct,0,43.0,Long-term
cf,Joint,nopre,type1,p4,l1,nopc,nob/c,536500,3.625,0.0359,6435.04,not_neg,not_int,not_lpsm,678000.0,sb,pr,home,1U,4980.0,CIB,591,EXP,55-64,not_inst,79.12979351,central,direct,0,49.0,Long-term
cf,Sex Not Available,nopre,type1,p4,l1,nopc,nob/c,466500,4.125,0.7912,2170.705,not_neg,not_int,not_lpsm,538000.0,sb,pr,home,1U,14400.0,CIB,702,CIB,45-54,to_inst,86.71003717,south,direct,0,11.0,Long-term
cf,Joint,nopre,type1,p3,l1,nopc,nob/c,266500,3.5,-0.0579,857.94,not_neg,not_int,not_lpsm,388000.0,sb,pr,home,1U,4980.0,CIB,708,EXP,35-44,not_inst,68.68556701,North,direct,0,27.0,Long-term
cf,Female,nopre,type1,p1,l1,nopc,nob/c,376500,4.0,0.0731,851.17,not_neg,not_int,not_lpsm,398000.0,sb,pr,home,1U,6420.0,CRIF,659,EXP,55-64,not_inst,94.59798995,North,direct,0,43.0,Long-term
cf,Sex Not Available,nopre,type1,p4,l1,nopc,nob/c,346500,3.25,-0.344,2170.705,not_neg,not_int,not_lpsm,608000.0,sb,pr,home,1U,7140.0,EXP,649,EXP,35-44,to_inst,56.99013158,south,direct,0,21.0,Long-term
cf,Sex Not Available,pre,type1,p1,l1,nopc,nob/c,346500,3.625,0.3098,8576.09,not_neg,not_int,not_lpsm,368000.0,sb,pr,home,1U,8040.0,CIB,853,EXP,25-34,to_inst,94.1576087,south,direct,0,40.0,Long-term
cf,Joint,nopre,type1,p3,l1,nopc,nob/c,206500,3.99,0.3728,2185.0,not_neg,not_int,not_lpsm,278000.0,sb,pr,home,1U,9660.0,CIB,773,EXP,55-64,to_inst,74.28057554,North,direct,0,16.0,Short-term
cf,Sex Not Available,nopre,type1,p3,l2,nopc,nob/c,176500,3.99,0.6594,3437.5,not_neg,not_int,not_lpsm,378000.0,sb,pr,home,1U,3420.0,CIB,548,EXP,55-64,to_inst,46.69312169,south,direct,0,42.0,Short-term
ncf,Sex Not Available,nopre,type3,p3,l1,nopc,nob/c,516500,3.25,-0.0909,11456.25,not_neg,not_int,not_lpsm,528000.0,sb,pr,home,1U,9120.0,CIB,643,EXP,65-74,to_inst,97.8219697,south,direct,0,43.0,Long-term
cf,Joint,pre,type1,p1,l1,nopc,nob/c,536500,3.75,0.3128,11341.5,not_neg,not_int,not_lpsm,568000.0,sb,pr,home,1U,11520.0,EXP,584,EXP,55-64,to_inst,94.45422535,North,direct,0,23.0,Long-term
cf,Joint,nopre,type1,p1,l1,nopc,nob/c,576500,3.75,0.2541,0.0,not_neg,not_int,not_lpsm,608000.0,sb,pr,home,1U,6960.0,CRIF,695,EXP,25-34,not_inst,94.81907895,south,direct,0,55.0,Long-term
cf,Sex Not Available,nopre,type1,p1,l1,nopc,nob/c,386500,4.5,0.396,3150.0,not_neg,not_int,not_lpsm,478000.0,sb,sr,home,1U,24360.0,EXP,584,EXP,35-44,to_inst,80.85774059,south,direct,0,16.0,Long-term
cf,Male,nopre,type1,p3,l1,nopc,nob/c,316500,3.875,0.0299,2051.94,not_neg,not_int,not_lpsm,598000.0,sb,pr,home,1U,7380.0,CIB,655,EXP,55-64,to_inst,52.9264214,south,direct,0,35.0,Short-term
cf,Female,nopre,type1,p4,l1,nopc,nob/c,106500,3.99,0.5461,2964.38,not_neg,not_int,not_lpsm,208000.0,sb,pr,home,1U,2100.0,CRIF,524,CIB,65-74,to_inst,51.20192308,North,direct,0,41.0,Long-term
cf,Male,nopre,type1,p4,l1,nopc,nob/c,436500,3.99,0.3599,2170.705,not_neg,not_int,not_lpsm,418000.0,sb,pr,home,1U,9540.0,EQUI,826,EXP,25-34,not_inst,1.0442583732057416,North,direct,1,39.0,Long-term
cf,Sex Not Available,nopre,type1,p4,l1,nopc,nob/c,196500,4.125,1.1469,2170.705,not_neg,not_int,not_lpsm,278000.0,sb,pr,home,1U,6480.0,CIB,560,EXP,35-44,to_inst,70.68345324,south,direct,0,28.0,Medium-term
ncf,Male,nopre,type3,p3,l1,nopc,nob/c,576500,3.375,-0.2321,0.0,neg_amm,not_int,not_lpsm,1388000.0,sb,pr,home,1U,13260.0,CIB,604,CIB,65-74,not_inst,41.53458213,North,direct,0,36.0,Long-term
cf,Sex Not Available,nopre,type2,p1,l1,nopc,b/c,236500,3.99,0.96485,1401.81,not_neg,int_only,not_lpsm,418000.0,sb,pr,home,1U,3000.0,EQUI,867,EXP,<25,to_inst,0.5657894736842105,south,direct,1,39.0,Long-term
cf,Female,nopre,type1,p4,l1,nopc,nob/c,676500,3.75,0.0282,0.0,not_neg,not_int,not_lpsm,1458000.0,sb,pr,home,1U,10320.0,CIB,621,CIB,35-44,not_inst,46.39917695,south,direct,0,49.0,Long-term
cf,Joint,nopre,type3,p1,l1,nopc,nob/c,186500,4.5,0.712,4047.04,not_neg,not_int,not_lpsm,188000.0,sb,pr,home,1U,3960.0,CRIF,681,EXP,25-34,to_inst,99.20212766,south,direct,0,44.0,Long-term
cf,Sex Not Available,nopre,type1,p1,l1,nopc,nob/c,226500,3.99,0.3599,1860.0,not_neg,not_int,not_lpsm,238000.0,sb,pr,home,1U,5640.0,EXP,765,EXP,35-44,to_inst,95.16806723,south,direct,1,35.0,Long-term
cf,Female,pre,type1,p3,l1,nopc,nob/c,136500,3.875,0.3962,4154.88,not_neg,not_int,not_lpsm,158000.0,sb,pr,home,1U,2520.0,CIB,641,CIB,65-74,to_inst,86.39240506,south,direct,0,46.0,Long-term
cf,Male,nopre,type2,p4,l1,nopc,b/c,186500,3.99,1.2125,0.0,not_neg,not_int,not_lpsm,198000.0,sb,pr,home,1U,6660.0,EXP,800,CIB,35-44,to_inst,94.19191919,North,direct,0,39.0,Long-term
cf,Sex Not Available,nopre,type1,p4,l1,nopc,nob/c,436500,3.99,0.3599,2170.705,not_neg,not_int,not_lpsm,428000.0,sb,pr,home,1U,5880.0,CIB,759,CIB,35-44,to_inst,101.9859813,south,direct,1,36.0,Long-term
cf,Joint,nopre,type1,p4,l1,nopc,nob/c,346500,3.5,-0.0965,0.0,not_neg,not_int,not_lpsm,588000.0,sb,pr,home,1U,7740.0,EXP,824,EXP,55-64,not_inst,58.92857143,North,direct,0,33.0,Long-term
cf,Male,nopre,type2,p3,l1,nopc,b/c,336500,3.99,0.96485,2269.45,not_neg,not_int,not_lpsm,388000.0,sb,pr,home,1U,4560.0,EXP,809,CIB,45-54,to_inst,86.72680412,south,direct,1,46.0,Long-term
cf,Male,nopre,type1,p4,l1,nopc,nob/c,176500,3.375,-0.269,2949.48,not_neg,not_int,not_lpsm,328000.0,sb,pr,home,1U,4620.0,CIB,842,CIB,35-44,not_inst,53.81097561,south,direct,0,41.0,Long-term
ncf,Sex Not Available,nopre,type1,p4,l1,nopc,nob/c,636500,3.875,0.3463,6031.25,not_neg,not_int,not_lpsm,878000.0,sb,pr,home,1U,20160.0,CIB,676,EXP,25-34,to_inst,72.49430524,south,direct,0,10.0,Long-term
cf,Female,pre,type1,p3,l1,nopc,nob/c,276500,3.99,0.3599,3953.13,not_neg,not_int,not_lpsm,348000.0,sb,pr,home,1U,3840.0,CRIF,803,CIB,55-64,to_inst,79.45402299,North,direct,1,45.0,Long-term
ncf,Male,pre,type3,p4,l1,nopc,nob/c,716500,3.5,-0.1729,951.9,not_neg,not_int,not_lpsm,418000.0,sb,pr,home,1U,0.0,EQUI,603,EXP,>74,not_inst,1.7141148325358853,south,direct,1,39.0,Long-term
cf,Male,nopre,type1,p4,l1,nopc,nob/c,606500,3.99,0.4278,877.41,not_neg,not_int,not_lpsm,818000.0,sb,pr,home,1U,7800.0,EXP,768,CIB,55-64,not_inst,74.14425428,North,direct,0,42.0,Long-term
ncf,Male,nopre,type3,p4,l1,nopc,nob/c,616500,3.5,-0.5566,6164.44,not_neg,not_int,not_lpsm,648000.0,sb,pr,home,1U,6840.0,CRIF,715,CIB,35-44,not_inst,95.13888889,south,direct,0,39.0,Long-term
cf,Male,nopre,type3,p4,l1,nopc,nob/c,446500,3.0,-0.6591,0.0,not_neg,not_int,not_lpsm,558000.0,sb,pr,home,1U,4260.0,EXP,733,EXP,65-74,to_inst,80.01792115,North,direct,0,39.0,Long-term
cf,Sex Not Available,nopre,type1,p4,l1,nopc,nob/c,476500,3.625,0.1618,13297.32,not_neg,not_int,not_lpsm,578000.0,sb,pr,home,1U,5340.0,CIB,687,CIB,55-64,to_inst,82.43944637,south,direct,0,42.0,Long-term
cf,Sex Not Available,pre,type1,p3,l1,nopc,nob/c,126500,3.99,0.3599,3953.13,neg_amm,not_int,not_lpsm,228000.0,sb,pr,home,1U,1500.0,CRIF,696,CIB,55-64,to_inst,55.48245614,south,direct,1,49.0,Long-term
cf,Sex Not Available,nopre,type3,p4,l1,nopc,nob/c,216500,3.125,-0.3664,892.7,not_neg,int_only,not_lpsm,238000.0,sb,pr,home,1U,6600.0,EXP,631,CIB,45-54,to_inst,90.96638655,south,direct,0,39.0,Long-term
cf,Male,nopre,type1,p3,l1,nopc,nob/c,206500,3.625,0.2899,5750.0,not_neg,not_int,not_lpsm,498000.0,sb,pr,home,1U,1980.0,CRIF,748,CIB,65-74,to_inst,41.46586345,North,direct,0,45.0,Long-term
cf,Sex Not Available,nopre,type1,p4,l1,nopc,nob/c,206500,3.75,0.2341,4377.5,not_neg,not_int,not_lpsm,428000.0,sb,pr,home,1U,2280.0,CRIF,568,CIB,55-64,to_inst,48.24766355,south,direct,0,38.0,Long-term
cf,Male,nopre,type1,p4,l1,nopc,nob/c,116500,3.99,0.3599,2170.705,not_neg,not_int,not_lpsm,188000.0,sb,pr,home,1U,1860.0,CRIF,599,CIB,25-34,to_inst,61.96808511,North,direct,1,60.0,Medium-term
cf,Male,nopre,type1,p1,l1,nopc,nob/c,146500,4.75,1.1427,0.0,not_neg,not_int,not_lpsm,178000.0,sb,pr,home,1U,7200.0,CIB,792,EXP,25-34,to_inst,82.30337079,central,direct,0,43.0,Long-term
cf,Sex Not Available,nopre,type2,p1,l1,nopc,b/c,226500,3.99,1.2308,2208.75,not_neg,not_int,not_lpsm,238000.0,sb,pr,home,1U,3600.0,CRIF,753,CIB,25-34,to_inst,95.16806723,south,direct,0,49.0,Long-term
cf,Sex Not Available,nopre,type1,p4,l1,nopc,nob/c,306500,3.99,0.3599,2170.705,not_neg,not_int,not_lpsm,738000.0,sb,ir,home,1U,12000.0,CRIF,717,CIB,45-54,to_inst,41.53116531,south,direct,1,45.0,Medium-term
cf,Male,nopre,type1,p1,l1,nopc,nob/c,106500,5.375,1.4108,3981.2,neg_amm,not_int,not_lpsm,128000.0,sb,ir,home,1U,4320.0,CRIF,717,CIB,35-44,not_inst,83.203125,central,direct,0,36.0,Long-term
cf,Male,nopre,type2,p4,l1,nopc,b/c,116500,3.375,1.4204,3354.15,not_neg,not_int,not_lpsm,148000.0,sb,pr,home,1U,4800.0,CRIF,725,CIB,25-34,to_inst,78.71621622,North,direct,0,47.0,Short-term
cf,Joint,nopre,type1,p1,l1,nopc,nob/c,356500,3.375,-0.2137,5362.0,not_neg,not_int,not_lpsm,1158000.0,sb,pr,home,1U,8100.0,EXP,632,EXP,55-64,not_inst,30.78583765,North,direct,0,44.0,Long-term
ncf,Joint,nopre,type1,p1,l1,nopc,nob/c,556500,4.875,0.1678,2433.61,not_neg,not_int,not_lpsm,768000.0,sb,pr,home,1U,7620.0,CIB,605,EXP,55-64,not_inst,72.4609375,North,direct,0,41.0,Long-term
cf,Sex Not Available,pre,type1,p4,l1,nopc,nob/c,336500,3.99,0.3599,2170.705,not_neg,not_int,not_lpsm,418000.0,sb,pr,home,1U,12480.0,EQUI,868,EXP,35-44,to_inst,0.8050239234449761,south,direct,1,39.0,Medium-term
cf,Sex Not Available,nopre,type1,p3,l2,nopc,nob/c,366500,4.99,1.3273,3501.56,not_neg,not_int,not_lpsm,498000.0,sb,pr,home,1U,4260.0,CRIF,618,EXP,55-64,to_inst,73.59437751,south,direct,0,44.0,Long-term
cf,Sex Not Available,nopre,type1,p3,l1,nopc,nob/c,106500,3.875,0.8878,2825.0,not_neg,not_int,not_lpsm,198000.0,sb,pr,home,1U,1860.0,CRIF,548,CIB,45-54,to_inst,53.78787879,south,direct,0,40.0,Short-term
cf,Female,pre,type1,p3,l1,nopc,nob/c,206500,4.375,0.7231,1915.0,not_neg,not_int,not_lpsm,258000.0,sb,pr,home,1U,3660.0,EXP,526,CIB,55-64,to_inst,80.03875969,central,direct,0,49.0,Short-term
cf,Female,nopre,type1,p4,l1,nopc,nob/c,346500,3.5,-0.2076,2170.705,not_neg,not_int,not_lpsm,628000.0,sb,pr,home,1U,4860.0,CRIF,534,CIB,35-44,not_inst,55.17515924,south,direct,0,46.0,Long-term
cf,Joint,nopre,type1,p1,l1,nopc,nob/c,406500,3.375,-0.1032,295.0,not_neg,not_int,not_lpsm,1708000.0,sb,pr,home,1U,30180.0,CRIF,718,EXP,45-54,to_inst,23.79976581,North,direct,0,13.0,Long-term
cf,Sex Not Available,nopre,type2,p1,l1,nopc,b/c,266500,3.875,0.8789,2581.35,not_neg,not_int,not_lpsm,268000.0,sb,pr,home,1U,8100.0,CIB,511,EXP,35-44,to_inst,99.44029851,south,direct,0,36.0,Long-term
cf,Sex Not Available,pre,type1,p3,l1,nopc,nob/c,106500,4.75,1.4162,3050.0,not_neg,not_int,not_lpsm,208000.0,sb,ir,home,1U,5880.0,EXP,777,CIB,35-44,to_inst,51.20192308,south,direct,0,39.0,Long-term
cf,Joint,nopre,type1,p4,l1,nopc,nob/c,126500,3.5,0.5538,1198.53,not_neg,not_int,not_lpsm,508000.0,sb,pr,home,1U,3420.0,EXP,860,EXP,45-54,not_inst,24.9015748,North,direct,0,36.0,Short-term
cf,Joint,nopre,type1,p2,l1,nopc,nob/c,106500,4.375,1.1279,3275.0,not_neg,not_int,not_lpsm,308000.0,sb,pr,home,1U,1320.0,CIB,756,EXP,35-44,to_inst,34.57792208,south,direct,0,43.0,Long-term
cf,Joint,nopre,type1,p1,l1,nopc,nob/c,486500,3.5,-0.0953,0.0,not_neg,not_int,not_lpsm,678000.0,sb,sr,home,1U,19620.0,CRIF,591,EXP,45-54,not_inst,71.75516224,North,direct,0,25.0,Long-term
cf,Joint,pre,type1,p4,l1,nopc,nob/c,456500,3.625,-0.2407,0.0,not_neg,not_int,not_lpsm,628000.0,sb,pr,home,1U,10380.0,EXP,631,EXP,25-34,not_inst,72.6910828,North,direct,0,23.0,Long-term
cf,Female,nopre,type1,p1,l1,nopc,nob/c,176500,4.25,-0.1007,483.79,neg_amm,not_int,not_lpsm,188000.0,sb,pr,home,1U,2640.0,CRIF,603,CIB,45-54,not_inst,93.88297872,North,direct,0,45.0,Long-term
cf,Joint,nopre,type1,p4,l1,nopc,nob/c,526500,3.875,0.1182,584.25,not_neg,not_int,not_lpsm,828000.0,sb,pr,home,1U,17160.0,CIB,864,EXP,35-44,not_inst,63.58695652,North,direct,0,31.0,Long-term
cf,Sex Not Available,nopre,type2,p3,l1,nopc,b/c,316500,3.99,0.96485,2269.45,not_neg,not_int,not_lpsm,368000.0,sb,pr,home,1U,4320.0,CRIF,549,EXP,55-64,to_inst,86.00543478,south,direct,1,31.0,Long-term
cf,Joint,nopre,type3,p3,l1,nopc,nob/c,206500,3.5,-0.1729,3468.75,not_neg,int_only,not_lpsm,228000.0,sb,pr,home,1U,4560.0,EXP,619,EXP,45-54,to_inst,90.57017544,North,direct,1,43.0,Short-term
cf,Male,nopre,type1,p4,l1,nopc,nob/c,356500,3.375,0.1321,8310.0,not_neg,not_int,not_lpsm,398000.0,sb,sr,home,1U,12660.0,CRIF,547,CIB,65-74,to_inst,89.57286432,North,direct,0,20.0,Long-term
cf,Male,nopre,type3,p3,l2,nopc,nob/c,96500,4.75,1.1846,2619.39,not_neg,not_int,not_lpsm,108000.0,sb,pr,home,1U,1680.0,CIB,606,CIB,55-64,to_inst,89.35185185,North,direct,0,49.0,Long-term
cf,Male,nopre,type1,p3,l1,nopc,nob/c,426500,4.75,0.4961,1850.37,not_neg,not_int,not_lpsm,638000.0,sb,pr,home,1U,5400.0,EXP,673,CIB,55-64,not_inst,66.84952978,North,direct,0,44.0,Long-term
cf,Joint,nopre,type1,p1,l1,nopc,nob/c,426500,4.125,0.2148,0.0,not_neg,not_int,not_lpsm,458000.0,sb,pr,home,1U,5340.0,CIB,760,EXP,35-44,not_inst,93.12227074,south,direct,0,45.0,Long-term
cf,Joint,nopre,type2,p4,l1,nopc,b/c,226500,3.99,0.96485,0.0,not_neg,not_int,not_lpsm,258000.0,sb,pr,home,1U,5580.0,CIB,509,EXP,55-64,to_inst,87.79069767,North,direct,1,39.0,Long-term
cf,Female,nopre,type1,p1,l1,nopc,nob/c,646500,3.625,0.117,1523.88,not_neg,not_int,not_lpsm,728000.0,sb,pr,home,1U,13980.0,CRIF,525,CIB,25-34,not_inst,88.80494505,North,direct,0,23.0,Long-term
cf,Joint,nopre,type1,p4,l1,nopc,nob/c,206500,2.99,0.2699,6225.63,not_neg,not_int,not_lpsm,288000.0,sb,pr,home,1U,5040.0,EXP,797,EXP,55-64,to_inst,71.70138889,south,direct,0,49.0,Short-term
cf,Sex Not Available,nopre,type1,p3,l1,nopc,nob/c,286500,3.99,0.3599,3953.13,not_neg,not_int,lpsm,358000.0,sb,pr,home,1U,6240.0,CIB,761,CIB,35-44,to_inst,80.02793296,south,direct,1,34.0,Long-term
cf,Male,nopre,type2,p1,l1,nopc,b/c,166500,3.99,1.1925,3394.18,not_neg,not_int,not_lpsm,168000.0,sb,pr,home,1U,3960.0,CIB,756,CIB,25-34,to_inst,99.10714286,south,direct,0,41.0,Long-term
cf,Sex Not Available,nopre,type1,p4,l1,nopc,nob/c,156500,3.99,0.3599,2170.705,not_neg,int_only,not_lpsm,418000.0,sb,pr,home,1U,3120.0,EQUI,733,EXP,65-74,to_inst,0.374401913875598,south,direct,1,39.0,Long-term
cf,Male,nopre,type1,p4,l2,nopc,nob/c,96500,4.25,1.1427,2881.56,not_neg,not_int,not_lpsm,188000.0,sb,pr,home,1U,3120.0,CIB,535,CIB,65-74,to_inst,51.32978723,North,direct,0,36.0,Short-term
cf,Sex Not Available,nopre,type1,p3,l1,nopc,nob/c,396500,3.99,0.3599,3953.13,not_neg,not_int,not_lpsm,418000.0,sb,pr,home,1U,5820.0,EQUI,746,EXP,65-74,to_inst,0.9485645933014354,south,direct,1,39.0,Long-term
cf,Male,nopre,type1,p4,l1,nopc,nob/c,416500,3.99,0.7262,8482.38,not_neg,not_int,not_lpsm,438000.0,sb,pr,home,1U,11340.0,CIB,556,CIB,55-64,to_inst,95.0913242,North,direct,0,37.0,Long-term
cf,Sex Not Available,pre,type1,p1,l1,nopc,nob/c,256500,3.99,0.3599,1860.0,not_neg,not_int,not_lpsm,308000.0,sb,pr,home,1U,6660.0,EXP,605,CIB,35-44,to_inst,83.27922078,south,direct,1,19.0,Long-term
cf,Sex Not Available,pre,type1,p1,l1,nopc,nob/c,156500,3.99,0.7936,4385.0,not_neg,int_only,not_lpsm,168000.0,sb,pr,home,1U,3900.0,CIB,619,CIB,45-54,to_inst,93.1547619,south,direct,0,36.0,Long-term
cf,Sex Not Available,nopre,type1,p4,l1,nopc,nob/c,246500,3.75,0.7929,2785.93,not_neg,not_int,not_lpsm,338000.0,sb,pr,home,1U,7800.0,CIB,679,CIB,45-54,to_inst,72.92899408,south,direct,0,22.0,Medium-term
cf,Sex Not Available,nopre,type3,p4,l1,nopc,nob/c,276500,3.875,0.1623,2439.22,not_neg,not_int,not_lpsm,288000.0,sb,pr,home,1U,4260.0,EXP,703,EXP,65-74,to_inst,96.00694444,south,direct,0,39.0,Long-term
cf,Female,nopre,type2,p3,l1,nopc,b/c,246500,3.75,0.2998,6847.22,not_neg,not_int,not_lpsm,298000.0,sb,pr,home,1U,5820.0,CRIF,663,CIB,35-44,to_inst,82.71812081,North,direct,0,36.0,Long-term
cf,Joint,nopre,type1,p3,l1,nopc,nob/c,726500,3.99,0.3599,3953.13,not_neg,int_only,not_lpsm,418000.0,sb,pr,home,1U,7200.0,EQUI,626,EXP,45-54,not_inst,1.7380382775119618,south,direct,1,39.0,Long-term
cf,Sex Not Available,nopre,type2,p3,l1,nopc,b/c,376500,3.75,0.5409,4638.05,not_neg,not_int,not_lpsm,438000.0,sb,pr,home,1U,8280.0,CRIF,789,EXP,35-44,to_inst,85.95890411,south,direct,0,31.0,Long-term
cf,Female,nopre,type2,p1,l1,nopc,b/c,246500,4.25,0.6664,2571.61,not_neg,not_int,not_lpsm,248000.0,sb,pr,home,1U,5340.0,CIB,567,EXP,55-64,not_inst,99.39516129,North,direct,0,36.0,Long-term
cf,Joint,nopre,type1,p3,l1,nopc,nob/c,256500,3.875,0.7561,746.77,not_neg,not_int,not_lpsm,378000.0,sb,pr,home,1U,4260.0,CIB,523,EXP,25-34,not_inst,67.85714286,central,direct,0,41.0,Medium-term
cf,Joint,nopre,type1,p4,l1,nopc,nob/c,606500,3.875,0.2641,2170.705,not_neg,not_int,not_lpsm,1788000.0,sb,pr,home,1U,14100.0,CIB,813,EXP,35-44,not_inst,33.92058166,south,direct,0,30.0,Long-term
cf,Joint,nopre,type1,p3,l1,nopc,nob/c,236500,4.875,0.6692,0.0,not_neg,not_int,not_lpsm,408000.0,sb,pr,home,1U,7860.0,CIB,670,EXP,45-54,to_inst,57.96568627,North,direct,0,59.0,Long-term
cf,Sex Not Available,nopre,type1,p4,l1,nopc,nob/c,246500,3.99,0.3599,2170.705,not_neg,not_int,not_lpsm,298000.0,sb,pr,home,1U,3240.0,EXP,898,CIB,35-44,to_inst,82.71812081,south,direct,1,49.0,Short-term
cf,Sex Not Available,nopre,type2,p4,l1,nopc,b/c,116500,4.99,1.4037,967.19,not_neg,not_int,not_lpsm,128000.0,sb,pr,home,1U,3120.0,CRIF,506,EXP,65-74,to_inst,91.015625,south,direct,0,47.0,Long-term
cf,Male,nopre,type1,p3,l1,nopc,nob/c,256500,3.99,0.3599,3953.13,not_neg,not_int,not_lpsm,328000.0,sb,pr,home,1U,180.0,CRIF,710,CIB,55-64,to_inst,78.20121951,North,direct,1,5.0,Long-term
cf,Sex Not Available,nopre,type1,p4,l1,nopc,nob/c,406500,3.99,0.4603,9330.0,not_neg,not_int,not_lpsm,508000.0,sb,pr,home,1U,11520.0,CRIF,876,EXP,25-34,to_inst,80.01968504,south,direct,0,17.0,Long-term
cf,Male,nopre,type1,p4,l1,nopc,nob/c,636500,4.125,0.5079,435.18,not_neg,not_int,not_lpsm,738000.0,sb,pr,home,1U,7800.0,CIB,696,CIB,55-64,not_inst,86.24661247,North,direct,0,46.0,Long-term
cf,Joint,nopre,type3,p3,l1,nopc,nob/c,336500,3.5,-0.0838,9075.0,not_neg,not_int,not_lpsm,338000.0,sb,pr,home,1U,10620.0,CIB,578,EXP,55-64,to_inst,99.55621302,North,direct,0,38.0,Long-term
cf,Male,nopre,type1,p3,l1,nopc,nob/c,206500,3.75,0.932,3000.0,not_neg,not_int,not_lpsm,258000.0,sb,pr,home,1U,6720.0,CIB,751,CIB,45-54,to_inst,80.03875969,North,direct,0,37.0,Short-term
cf,Sex Not Available,nopre,type3,p3,l1,nopc,nob/c,366500,3.99,0.4786,3617.0,not_neg,not_int,not_lpsm,468000.0,sb,pr,home,1U,8940.0,CIB,610,EXP,55-64,to_inst,78.31196581,south,direct,0,35.0,Long-term
cf,Joint,nopre,type1,p4,l1,nopc,nob/c,456500,3.375,-0.1748,3177.33,not_neg,not_int,not_lpsm,648000.0,sb,pr,home,1U,8820.0,CIB,801,EXP,25-34,not_inst,70.44753086,south,direct,0,30.0,Long-term
cf,Male,nopre,type1,p4,l1,nopc,nob/c,606500,3.69,-0.0209,0.0,not_neg,not_int,not_lpsm,868000.0,sb,pr,home,1U,11160.0,CIB,802,CIB,35-44,not_inst,69.87327189,south,direct,0,34.0,Long-term
cf,Female,pre,type1,p4,l1,nopc,nob/c,436500,4.25,0.5072,2124.84,not_neg,not_int,not_lpsm,748000.0,sb,pr,home,1U,7080.0,CRIF,859,CIB,45-54,to_inst,58.35561497,North,direct,0,49.0,Long-term
cf,Sex Not Available,nopre,type1,p3,l1,nopc,nob/c,256500,3.99,0.3599,3953.13,not_neg,int_only,not_lpsm,328000.0,sb,pr,home,1U,3600.0,CIB,538,CIB,35-44,to_inst,78.20121951,south,direct,1,56.0,Long-term
cf,Joint,nopre,type1,p3,l1,nopc,nob/c,466500,4.56,0.8182,5890.0,not_neg,not_int,not_lpsm,618000.0,sb,pr,home,1U,5280.0,EXP,612,EXP,45-54,to_inst,75.48543689,North,direct,0,43.0,Long-term
cf,Joint,nopre,type1,p1,l1,nopc,nob/c,446500,3.75,0.1358,5000.0,not_neg,int_only,not_lpsm,498000.0,sb,pr,home,1U,7260.0,EXP,585,EXP,65-74,not_inst,89.65863454,south,direct,0,39.0,Long-term
cf,Sex Not Available,nopre,type1,p4,l1,nopc,nob/c,306500,4.75,0.2135,395.8,neg_amm,not_int,not_lpsm,428000.0,sb,ir,home,1U,7980.0,CIB,576,EXP,55-64,not_inst,71.61214953,south,direct,0,44.0,Long-term
cf,Male,nopre,type1,p3,l1,nopc,nob/c,726500,4.25,0.5487,7265.0,not_neg,not_int,not_lpsm,1068000.0,sb,pr,home,1U,6120.0,CIB,667,CIB,45-54,not_inst,68.02434457,south,direct,0,48.0,Long-term
cf,Joint,nopre,type1,p3,l1,nopc,nob/c,106500,3.99,0.3599,3953.13,not_neg,not_int,not_lpsm,418000.0,sb,pr,home,1U,2760.0,EQUI,699,EXP,65-74,to_inst,0.2547846889952153,south,direct,1,39.0,Long-term
ncf,Joint,nopre,type3,p3,l1,nopc,nob/c,716500,3.5,-0.1729,3468.75,not_neg,not_int,not_lpsm,748000.0,sb,pr,home,1U,11760.0,CIB,549,EXP,45-54,not_inst,95.78877005,North,direct,1,52.0,Long-term
cf,Sex Not Available,nopre,type1,p3,l1,nopc,nob/c,216500,3.625,0.337,7400.46,not_neg,not_int,not_lpsm,1268000.0,sb,pr,home,1U,4800.0,CRIF,608,CIB,65-74,to_inst,17.07413249,south,direct,0,28.0,Long-term
ncf,Male,pre,type1,p1,l1,nopc,nob/c,596500,3.99,0.3599,1860.0,not_neg,not_int,not_lpsm,418000.0,sb,pr,home,1U,11340.0,EQUI,858,EXP,35-44,not_inst,1.4270334928229664,south,direct,1,39.0,Long-term
cf,Male,nopre,type1,p2,l1,nopc,nob/c,106500,5.5,1.3207,3076.96,neg_amm,not_int,not_lpsm,148000.0,sb,ir,home,1U,11760.0,CRIF,623,CIB,45-54,to_inst,71.95945946,North,direct,0,49.0,Long-term
cf,Female,nopre,type1,p4,l1,nopc,nob/c,226500,3.99,0.3599,2170.705,not_neg,not_int,not_lpsm,338000.0,sb,pr,home,1U,3120.0,CRIF,801,CIB,>74,not_inst,67.01183432,North,direct,1,48.0,Long-term
cf,Sex Not Available,nopre,type1,p3,l2,opc,nob/c,206500,6.24,1.312,3953.13,not_neg,int_only,not_lpsm,1308000.0,sb,pr,home,1U,14640.0,CIB,827,CIB,45-54,to_inst,15.78746177,south,direct,0,37.0,Long-term
cf,Sex Not Available,nopre,type3,p3,l1,nopc,nob/c,96500,3.75,0.6297,2951.02,neg_amm,int_only,not_lpsm,98000.0,sb,pr,home,1U,4560.0,CIB,782,CIB,45-54,to_inst,98.46938776,North,direct,0,32.0,Long-term
cf,Sex Not Available,nopre,type3,p3,l1,nopc,nob/c,156500,3.5,-0.1729,3468.75,not_neg,not_int,not_lpsm,418000.0,sb,pr,home,1U,6780.0,EQUI,854,EXP,55-64,to_inst,0.374401913875598,south,direct,1,39.0,Short-term
cf,Male,nopre,type1,p4,l1,nopc,nob/c,686500,4.75,0.3813,6350.3,not_neg,not_int,not_lpsm,1568000.0,sb,pr,home,1U,32640.0,EXP,521,CIB,35-44,to_inst,43.78188776,south,direct,0,32.0,Long-term
cf,Joint,nopre,type1,p3,l1,nopc,nob/c,316500,5.625,1.4045,0.0,not_neg,not_int,not_lpsm,398000.0,sb,pr,home,1U,3480.0,CIB,518,EXP,65-74,to_inst,79.52261307,south,direct,0,48.0,Long-term
cf,Male,nopre,type1,p1,l1,nopc,nob/c,256500,3.75,-0.2459,1340.7,not_neg,not_int,not_lpsm,308000.0,sb,pr,home,1U,2400.0,CIB,755,CIB,35-44,not_inst,83.27922078,central,direct,0,47.0,Long-term
ncf,Female,nopre,type1,p3,l1,nopc,nob/c,276500,3.99,0.4976,5975.0,not_neg,not_int,not_lpsm,398000.0,sb,pr,home,1U,4080.0,EXP,548,EXP,55-64,to_inst,69.47236181,south,direct,0,42.0,Long-term
cf,Joint,nopre,type3,p4,l1,nopc,nob/c,546500,2.99,-0.7112,3095.2,not_neg,not_int,not_lpsm,708000.0,sb,pr,home,1U,5640.0,CRIF,766,EXP,25-34,to_inst,77.18926554,North,direct,0,39.0,Long-term
cf,Joint,nopre,type1,p1,l1,nopc,nob/c,216500,3.99,0.3599,1860.0,not_neg,not_int,not_lpsm,338000.0,sb,pr,home,1U,1680.0,CIB,761,EXP,>74,to_inst,64.05325444,North,direct,1,52.0,Long-term
ncf,Male,nopre,type3,p3,l1,nopc,nob/c,216500,3.875,-0.0825,4590.0,not_neg,not_int,not_lpsm,258000.0,sb,pr,home,1U,5580.0,CIB,564,CIB,>74,to_inst,83.91472868,central,direct,0,20.0,Long-term
cf,Male,pre,type1,p4,l1,nopc,nob/c,596500,4.125,0.2857,695.5,not_neg,not_int,not_lpsm,748000.0,sb,pr,home,1U,9960.0,CRIF,581,CIB,45-54,not_inst,79.7459893,North,direct,0,43.0,Long-term
cf,Female,nopre,type1,p4,l1,nopc,nob/c,706500,3.75,-0.035,995.0,not_neg,not_int,not_lpsm,958000.0,sb,pr,home,1U,10920.0,CRIF,790,CIB,25-34,not_inst,73.7473904,south,direct,0,37.0,Long-term
cf,Male,nopre,type1,p3,l1,nopc,nob/c,336500,4.125,0.41,935.0,not_neg,not_int,not_lpsm,678000.0,sb,pr,home,1U,4800.0,CIB,656,CIB,45-54,not_inst,49.63126844,south,direct,0,49.0,Medium-term
cf,Joint,nopre,type1,p3,l1,nopc,nob/c,936500,4.99,0.8347,6975.0,not_neg,not_int,not_lpsm,1908000.0,sb,ir,home,2U,124980.0,EXP,894,EXP,45-54,not_inst,49.08280922,North,direct,0,17.0,Long-term
cf,Joint,nopre,type1,p4,l1,nopc,nob/c,356500,3.875,-0.4407,0.0,not_neg,not_int,not_lpsm,658000.0,sb,pr,home,1U,4020.0,CRIF,810,EXP,55-64,not_inst,54.17933131,south,direct,0,46.0,Long-term
cf,Male,nopre,type1,p1,l1,nopc,nob/c,126500,4.375,0.6102,3351.56,not_neg,not_int,not_lpsm,168000.0,sb,pr,home,1U,3000.0,CIB,889,CIB,55-64,not_inst,75.29761905,North,direct,0,33.0,Long-term
cf,Male,nopre,type1,p4,l1,nopc,nob/c,446500,3.69,0.0916,0.0,not_neg,not_int,not_lpsm,468000.0,sb,pr,home,1U,3900.0,CIB,570,CIB,25-34,not_inst,95.40598291,North,direct,0,46.0,Long-term
cf,Female,nopre,type2,p1,l1,nopc,b/c,236500,3.99,0.96485,1401.81,neg_amm,not_int,not_lpsm,238000.0,sb,pr,home,1U,4980.0,CRIF,847,CIB,45-54,to_inst,99.3697479,south,direct,1,51.0,Long-term
cf,Sex Not Available,nopre,type1,p4,l1,nopc,nob/c,196500,3.99,0.341,750.76,not_neg,not_int,not_lpsm,368000.0,sb,pr,home,1U,10260.0,CRIF,679,EXP,35-44,to_inst,53.39673913,south,direct,0,21.0,Long-term
cf,Male,nopre,type1,p2,l1,nopc,nob/c,316500,3.99,0.1283,0.0,not_neg,not_int,not_lpsm,798000.0,sb,pr,home,1U,6780.0,CIB,669,CIB,45-54,to_inst,39.66165414,North,direct,0,46.0,Short-term
cf,Male,nopre,type1,p3,l1,nopc,nob/c,196500,4.18,0.2543,3153.27,not_neg,not_int,not_lpsm,428000.0,sb,pr,home,1U,3240.0,CRIF,604,CIB,55-64,not_inst,45.91121495,North,direct,0,21.0,Long-term
cf,Male,nopre,type1,p3,l1,nopc,nob/c,116500,4.5,1.165,3678.75,not_neg,not_int,not_lpsm,318000.0,sb,pr,home,1U,3420.0,CIB,865,CIB,55-64,to_inst,36.63522013,North,direct,0,33.0,Short-term
cf,Female,pre,type1,p3,l1,nopc,nob/c,126500,4.375,0.8124,3815.87,not_neg,not_int,not_lpsm,298000.0,sb,pr,home,1U,2520.0,CRIF,825,CIB,65-74,to_inst,42.44966443,North,direct,0,23.0,Long-term
cf,Male,nopre,type1,p4,l1,nopc,nob/c,126500,3.99,0.3599,2170.705,neg_amm,not_int,not_lpsm,288000.0,sb,pr,home,1U,2220.0,EXP,877,CIB,45-54,to_inst,43.92361111,south,direct,1,48.0,Short-term
cf,Joint,nopre,type1,p4,l1,nopc,nob/c,196500,3.99,0.3599,2170.705,not_neg,not_int,not_lpsm,218000.0,sb,pr,home,1U,2820.0,CRIF,767,EXP,65-74,to_inst,90.13761468,south,direct,1,46.0,Long-term
cf,Sex Not Available,nopre,type1,p4,l1,nopc,nob/c,136500,3.99,0.3599,2170.705,not_neg,not_int,not_lpsm,418000.0,sb,pr,home,1U,2400.0,EQUI,767,EXP,35-44,to_inst,0.326555023923445,south,direct,1,39.0,Long-term
cf,Female,pre,type1,p3,l1,nopc,nob/c,616500,3.99,0.3599,3953.13,not_neg,not_int,not_lpsm,938000.0,sb,pr,home,1U,7320.0,EXP,784,CIB,35-44,not_inst,65.7249467,North,direct,1,42.0,Long-term
cf,Joint,nopre,type1,p3,l1,nopc,nob/c,426500,3.99,0.3599,3953.13,not_neg,not_int,not_lpsm,418000.0,sb,pr,home,1U,6840.0,EQUI,830,EXP,65-74,to_inst,1.020334928229665,North,direct,1,39.0,Long-term
cf,Male,nopre,type2,p1,l1,nopc,b/c,186500,4.5,1.0275,0.0,neg_amm,not_int,not_lpsm,188000.0,sb,pr,home,1U,3900.0,EXP,812,CIB,45-54,not_inst,99.20212766,North,direct,0,21.0,Long-term
cf,Male,nopre,type1,p4,l1,nopc,nob/c,156500,3.125,0.4865,5591.25,not_neg,not_int,not_lpsm,248000.0,sb,pr,home,1U,6960.0,CRIF,891,CIB,45-54,to_inst,63.10483871,south,direct,0,36.0,Short-term
cf,Male,pre,type2,p3,l1,nopc,b/c,96500,3.99,0.96485,2269.45,not_neg,not_int,not_lpsm,108000.0,sb,pr,home,1U,8220.0,CRIF,675,CIB,25-34,to_inst,89.35185185,North,direct,1,18.0,Long-term
cf,Female,nopre,type1,p4,l1,nopc,nob/c,406500,3.99,0.3599,2170.705,not_neg,not_int,lpsm,498000.0,sb,pr,home,1U,7200.0,CIB,571,CIB,45-54,to_inst,81.62650602,North,direct,1,44.0,Long-term
cf,Joint,nopre,type1,p3,l1,nopc,nob/c,486500,3.99,0.3599,3953.13,neg_amm,not_int,not_lpsm,978000.0,sb,ir,home,1U,10800.0,CIB,544,EXP,45-54,to_inst,49.74437628,south,direct,1,26.0,Long-term
cf,Female,nopre,type1,p3,l1,nopc,nob/c,406500,3.75,0.3318,7155.0,not_neg,int_only,not_lpsm,758000.0,sb,pr,home,1U,7260.0,CIB,648,CIB,>74,to_inst,53.62796834,North,direct,0,42.0,Long-term
cf,Joint,nopre,type1,p2,l1,nopc,nob/c,106500,5.75,1.4746,1685.0,not_neg,not_int,not_lpsm,358000.0,sb,pr,home,1U,7380.0,CIB,684,EXP,35-44,to_inst,29.74860335,North,direct,0,21.0,Long-term
cf,Joint,pre,type1,p1,l1,nopc,nob/c,466500,3.99,0.5425,5475.55,not_neg,not_int,not_lpsm,478000.0,sb,pr,home,1U,9180.0,EXP,723,EXP,35-44,to_inst,97.59414226,North,direct,0,33.0,Long-term
cf,Sex Not Available,nopre,type3,p4,l1,nopc,nob/c,286500,3.375,-0.4095,0.0,not_neg,not_int,not_lpsm,298000.0,sb,pr,home,1U,6600.0,EXP,715,EXP,45-54,to_inst,96.1409396,south,direct,0,39.0,Long-term
cf,Female,nopre,type2,p4,l1,nopc,b/c,296500,3.375,0.391,761.69,not_neg,not_int,not_lpsm,358000.0,sb,pr,home,1U,3540.0,CRIF,509,CIB,25-34,not_inst,82.82122905,central,direct,0,49.0,Long-term
cf,Sex Not Available,nopre,type1,p4,l1,nopc,nob/c,406500,3.99,0.3599,2170.705,not_neg,not_int,not_lpsm,418000.0,sb,pr,home,1U,4740.0,EQUI,678,EXP,45-54,to_inst,0.972488038277512,south,direct,1,39.0,Long-term
cf,Female,nopre,type1,p1,l1,nopc,nob/c,86500,3.99,0.3599,1860.0,not_neg,not_int,not_lpsm,418000.0,sb,pr,home,1U,1260.0,EQUI,798,EXP,65-74,to_inst,0.2069377990430622,North,direct,1,39.0,Long-term
cf,Male,nopre,type1,p3,l1,nopc,nob/c,126500,3.99,0.3599,3953.13,neg_amm,not_int,not_lpsm,158000.0,sb,pr,home,1U,6360.0,EXP,627,CIB,25-34,to_inst,80.06329114,North,direct,1,27.0,Long-term
cf,Sex Not Available,nopre,type2,p1,l1,nopc,b/c,376500,3.5,0.6924,0.0,not_neg,not_int,not_lpsm,388000.0,sb,pr,home,1U,7440.0,EXP,863,EXP,35-44,not_inst,97.03608247,North,direct,0,55.0,Long-term
cf,Sex Not Available,nopre,type1,p4,l1,nopc,nob/c,486500,3.875,-0.323,2350.0,not_neg,not_int,not_lpsm,938000.0,sb,pr,home,1U,7620.0,EXP,739,EXP,45-54,to_inst,51.86567164,south,direct,0,43.0,Short-term
cf,Joint,nopre,type2,p3,l1,nopc,b/c,236500,3.125,0.3083,5783.22,not_neg,not_int,not_lpsm,328000.0,sb,pr,home,1U,3060.0,CRIF,792,EXP,>74,to_inst,72.10365854,North,direct,0,42.0,Long-term
ncf,Joint,nopre,type3,p3,l1,nopc,nob/c,796500,3.25,-0.2681,7998.37,not_neg,int_only,not_lpsm,908000.0,sb,pr,home,1U,16200.0,CIB,809,EXP,55-64,not_inst,87.72026432,North,direct,0,36.0,Long-term
cf,Joint,nopre,type1,p3,l1,nopc,nob/c,456500,4.875,0.4231,30.5,not_neg,not_int,not_lpsm,758000.0,sb,pr,home,2U,5700.0,EXP,801,EXP,45-54,not_inst,60.22427441,North,direct,0,37.0,Long-term
cf,Joint,nopre,type1,p4,l1,nopc,nob/c,266500,3.99,0.3599,2170.705,not_neg,not_int,not_lpsm,308000.0,sb,pr,home,1U,6780.0,CIB,543,EXP,45-54,to_inst,86.52597403,North,direct,1,32.0,Long-term
cf,Female,pre,type1,p1,l1,nopc,nob/c,286500,3.875,0.5651,9516.25,not_neg,not_int,not_lpsm,298000.0,sb,pr,home,1U,7320.0,CIB,556,CIB,35-44,to_inst,96.1409396,North,direct,0,33.0,Long-term
cf,Male,nopre,type1,p3,l1,nopc,nob/c,386500,4.375,0.1907,7908.5,neg_amm,not_int,not_lpsm,1348000.0,sb,pr,home,1U,6660.0,EXP,660,CIB,55-64,to_inst,28.67210682,south,direct,0,45.0,Long-term
cf,Joint,nopre,type2,p3,l1,nopc,b/c,236500,3.25,0.8258,0.0,not_neg,not_int,not_lpsm,388000.0,sb,pr,home,1U,9300.0,CIB,857,EXP,35-44,not_inst,60.95360825,North,direct,0,23.0,Short-term
cf,Joint,nopre,type1,p3,l1,nopc,nob/c,216500,4.375,0.1307,4858.53,not_neg,not_int,not_lpsm,368000.0,sb,pr,home,1U,8700.0,EXP,835,EXP,45-54,to_inst,58.83152174,North,direct,0,24.0,Long-term
cf,Female,nopre,type1,p4,l1,nopc,nob/c,416500,3.99,0.4938,3335.0,not_neg,not_int,not_lpsm,528000.0,sb,pr,home,1U,6960.0,CRIF,659,CIB,55-64,to_inst,78.88257576,North,direct,0,25.0,Long-term
cf,Male,nopre,type1,p4,l1,nopc,nob/c,386500,3.375,-0.263,0.0,not_neg,not_int,not_lpsm,648000.0,sb,pr,home,1U,6840.0,CRIF,747,EXP,35-44,to_inst,59.64506173,south,direct,0,31.0,Long-term
cf,Sex Not Available,nopre,type1,p4,l1,nopc,nob/c,136500,4.625,0.7218,1644.63,not_neg,not_int,not_lpsm,238000.0,sb,pr,home,1U,6060.0,CRIF,691,EXP,35-44,to_inst,57.35294118,south,direct,0,43.0,Medium-term
ncf,Joint,nopre,type1,p1,l1,nopc,nob/c,756500,3.99,0.3599,1860.0,not_neg,not_int,not_lpsm,2488000.0,sb,pr,home,1U,30000.0,CIB,693,EXP,35-44,to_inst,30.40594855,south,direct,1,6.0,Long-term
cf,Joint,nopre,type1,p4,l1,nopc,nob/c,636500,3.99,0.591,7076.0,not_neg,not_int,not_lpsm,718000.0,sb,pr,home,1U,9780.0,CRIF,511,EXP,35-44,not_inst,88.64902507,North,direct,0,35.0,Long-term
cf,Female,nopre,type1,p4,l1,nopc,nob/c,106500,3.99,0.3599,2170.705,not_neg,not_int,not_lpsm,138000.0,sb,ir,home,1U,3720.0,CIB,609,CIB,35-44,to_inst,77.17391304,south,direct,1,37.0,Short-term
ncf,Female,nopre,type2,p4,l1,nopc,b/c,196500,4.25,0.7665,7.87,not_neg,not_int,not_lpsm,228000.0,sb,pr,home,1U,5640.0,EXP,501,EXP,25-34,to_inst,86.18421053,North,direct,0,39.0,Long-term
cf,Sex Not Available,nopre,type1,p3,l1,nopc,nob/c,336500,3.99,0.3599,3953.13,not_neg,not_int,lpsm,458000.0,sb,ir,home,1U,5940.0,CRIF,537,CIB,45-54,not_inst,73.47161572,North,direct,1,60.0,Long-term
cf,Sex Not Available,nopre,type1,p3,l2,nopc,nob/c,256500,3.625,0.2725,3650.0,not_neg,not_int,not_lpsm,488000.0,sb,pr,home,1U,7200.0,CIB,823,CIB,45-54,to_inst,52.56147541,south,direct,0,30.0,Short-term
cf,Sex Not Available,nopre,type1,p4,l1,nopc,nob/c,266500,3.99,0.4316,1250.0,not_neg,not_int,not_lpsm,438000.0,sb,pr,home,1U,10740.0,CRIF,701,CIB,55-64,to_inst,60.84474886,south,direct,0,31.0,Long-term
cf,Sex Not Available,nopre,type1,p3,l1,nopc,nob/c,206500,3.99,0.3599,3953.13,not_neg,not_int,lpsm,358000.0,sb,pr,home,1U,3480.0,CIB,773,EXP,65-74,to_inst,57.68156425,south,direct,1,30.0,Long-term
cf,Sex Not Available,nopre,type3,p3,l1,nopc,nob/c,296500,2.75,-0.8749,2398.3,not_neg,not_int,lpsm,488000.0,sb,pr,home,1U,3660.0,CIB,816,CIB,25-34,not_inst,60.75819672,North,direct,0,36.0,Long-term
cf,Male,nopre,type2,p4,l2,nopc,b/c,516500,4.25,1.05865,0.0,neg_amm,not_int,not_lpsm,418000.0,sb,pr,home,1U,0.0,EQUI,866,EXP,35-44,not_inst,1.235645933014354,North,direct,1,40.0,Long-term
cf,Sex Not Available,nopre,type1,p4,l1,nopc,nob/c,66500,4.625,1.4076,2273.58,not_neg,not_int,not_lpsm,98000.0,sb,pr,home,1U,3600.0,CRIF,633,EXP,55-64,to_inst,67.85714286,south,direct,0,24.0,Long-term
ncf,Male,nopre,type1,p3,l1,nopc,nob/c,1006500,3.99,0.3599,3953.13,not_neg,not_int,not_lpsm,1308000.0,sb,pr,home,1U,16380.0,CIB,543,CIB,65-74,to_inst,76.94954128,North,direct,1,42.0,Long-term
cf,Male,pre,type1,p4,l1,nopc,nob/c,366500,4.125,-0.281,2170.705,neg_amm,not_int,not_lpsm,528000.0,sb,pr,home,1U,10320.0,EXP,516,CIB,35-44,to_inst,69.41287879,central,direct,0,20.0,Long-term
cf,Joint,nopre,type1,p3,l1,nopc,nob/c,456500,3.5,-0.0533,11865.0,not_neg,not_int,not_lpsm,658000.0,sb,pr,home,1U,9600.0,EXP,737,EXP,35-44,to_inst,69.3768997,central,direct,0,22.0,Long-term
cf,Joint,pre,type1,p4,l1,nopc,nob/c,396500,3.99,0.3769,7705.31,not_neg,not_int,not_lpsm,608000.0,sb,pr,home,1U,5340.0,CIB,785,EXP,65-74,to_inst,65.21381579,south,direct,0,39.0,Long-term
cf,Joint,nopre,type1,p3,l1,nopc,nob/c,406500,4.875,0.5194,5237.5,not_neg,not_int,not_lpsm,548000.0,sb,pr,home,1U,7680.0,CIB,753,EXP,65-74,to_inst,74.17883212,North,direct,0,36.0,Long-term
cf,Male,pre,type1,p1,l1,nopc,nob/c,316500,3.625,-0.0189,8493.29,not_neg,not_int,not_lpsm,368000.0,sb,pr,home,1U,6240.0,EXP,776,CIB,35-44,not_inst,86.00543478,North,direct,0,34.0,Long-term
cf,Sex Not Available,nopre,type3,p3,l1,nopc,nob/c,76500,3.5,-0.1729,3468.75,not_neg,not_int,not_lpsm,418000.0,sb,pr,home,1U,2220.0,EQUI,765,EXP,65-74,to_inst,0.1830143540669856,south,direct,1,39.0,Long-term
cf,Female,nopre,type1,p1,l1,nopc,nob/c,446500,4.0,-0.124,0.0,not_neg,not_int,not_lpsm,618000.0,sb,pr,home,1U,4740.0,EXP,643,CIB,45-54,not_inst,72.24919094,North,direct,0,48.0,Long-term
cf,Sex Not Available,pre,type2,p3,l1,nopc,b/c,186500,3.99,1.1169,3601.23,not_neg,not_int,not_lpsm,218000.0,sb,pr,home,1U,3720.0,CIB,811,EXP,25-34,to_inst,85.55045872,south,direct,0,49.0,Long-term
cf,Male,nopre,type1,p3,l1,nopc,nob/c,386500,3.99,0.3599,3953.13,neg_amm,not_int,not_lpsm,408000.0,sb,pr,home,1U,5340.0,CIB,598,CIB,45-54,not_inst,94.73039216,North,direct,1,47.0,Long-term
cf,Joint,nopre,type1,p1,l1,nopc,nob/c,506500,3.625,-0.0247,8920.0,not_neg,not_int,not_lpsm,938000.0,sb,pr,home,1U,8460.0,CIB,761,EXP,45-54,not_inst,53.9978678,North,direct,0,24.0,Long-term
cf,Female,nopre,type1,p3,l1,nopc,nob/c,116500,4.99,0.8655,2533.04,not_neg,not_int,not_lpsm,208000.0,sb,pr,home,1U,1500.0,CIB,652,CIB,65-74,to_inst,56.00961538,North,direct,0,42.0,Long-term
cf,Male,nopre,type2,p4,l1,nopc,b/c,696500,3.625,0.8523,0.0,not_neg,not_int,not_lpsm,868000.0,sb,pr,home,1U,6600.0,EXP,719,EXP,45-54,not_inst,80.24193548,North,direct,0,39.0,Long-term
cf,Sex Not Available,nopre,type1,p3,l1,nopc,nob/c,376500,3.875,0.2805,11120.0,not_neg,not_int,not_lpsm,478000.0,sb,pr,home,1U,10380.0,EXP,821,EXP,35-44,to_inst,78.76569038,south,direct,0,37.0,Long-term
ncf,Female,nopre,type1,p1,l1,nopc,nob/c,766500,3.99,0.388,7782.22,not_neg,not_int,not_lpsm,1358000.0,sb,ir,home,1U,329460.0,EXP,582,CIB,45-54,not_inst,56.44329897,North,direct,0,19.0,Long-term
cf,Female,nopre,type1,p1,l1,nopc,nob/c,556500,3.875,0.1749,0.0,not_neg,not_int,not_lpsm,628000.0,sb,pr,home,1U,8940.0,CRIF,595,CIB,55-64,not_inst,88.61464968,south,direct,0,33.0,Long-term
cf,Joint,nopre,type1,p3,l1,nopc,nob/c,326500,3.125,0.1449,4720.0,not_neg,not_int,not_lpsm,438000.0,sb,pr,home,1U,13800.0,CRIF,530,EXP,45-54,not_inst,74.543379,North,direct,0,5.0,Short-term
cf,Joint,nopre,type1,p3,l1,nopc,nob/c,286500,3.99,0.4543,7024.0,not_neg,not_int,not_lpsm,558000.0,sb,pr,home,1U,3660.0,CIB,501,EXP,55-64,to_inst,51.34408602,central,direct,0,41.0,Long-term
cf,Sex Not Available,nopre,type1,p3,l1,nopc,nob/c,616500,4.625,1.2177,7410.0,not_neg,not_int,not_lpsm,778000.0,sb,pr,home,1U,6840.0,CRIF,782,CIB,55-64,to_inst,79.24164524,south,direct,0,45.0,Long-term
cf,Sex Not Available,nopre,type1,p1,l1,nopc,nob/c,206500,4.875,0.4462,150.0,neg_amm,not_int,not_lpsm,348000.0,sb,pr,home,1U,4080.0,CIB,880,CIB,25-34,to_inst,59.33908046,south,direct,0,33.0,Long-term
cf,Sex Not Available,nopre,type1,p1,l1,nopc,nob/c,326500,4.125,0.5759,1050.0,not_neg,not_int,not_lpsm,378000.0,sb,pr,home,1U,11580.0,EXP,871,EXP,45-54,to_inst,86.37566138,south,direct,0,40.0,Long-term
cf,Male,pre,type1,p3,l1,nopc,nob/c,256500,4.56,0.3048,3098.63,not_neg,not_int,not_lpsm,388000.0,sb,pr,home,1U,3720.0,CIB,504,CIB,35-44,to_inst,66.10824742,North,direct,0,43.0,Long-term
cf,Sex Not Available,pre,type2,p3,l1,nopc,b/c,256500,3.125,-0.0039,0.0,not_neg,not_int,not_lpsm,348000.0,sb,pr,home,1U,3300.0,EXP,571,CIB,25-34,to_inst,73.70689655,south,direct,0,41.0,Long-term
cf,Joint,nopre,type2,p4,l1,nopc,b/c,366500,4.125,0.9112,0.0,not_neg,not_int,not_lpsm,368000.0,sb,pr,home,1U,5640.0,CIB,523,EXP,25-34,to_inst,99.5923913,North,direct,0,39.0,Long-term
cf,Joint,pre,type1,p1,l1,nopc,nob/c,616500,3.875,0.0885,5598.87,not_neg,not_int,not_lpsm,878000.0,sb,pr,home,1U,7980.0,EXP,867,EXP,35-44,not_inst,70.21640091,North,direct,0,36.0,Long-term
cf,Joint,nopre,type3,p1,l2,nopc,nob/c,366500,3.99,0.2102,3650.0,not_neg,not_int,not_lpsm,368000.0,sb,pr,home,1U,8700.0,CRIF,817,EXP,55-64,to_inst,99.5923913,south,direct,0,30.0,Long-term
cf,Sex Not Available,nopre,type3,p3,l1,nopc,nob/c,136500,3.5,-0.1729,3468.75,not_neg,not_int,not_lpsm,158000.0,sb,pr,home,1U,3420.0,EXP,733,CIB,45-54,to_inst,86.39240506,south,direct,1,58.0,Long-term
cf,Sex Not Available,nopre,type1,p3,l1,nopc,nob/c,206500,3.75,0.2413,6050.0,not_neg,not_int,not_lpsm,428000.0,sb,pr,home,1U,3840.0,EXP,790,CIB,65-74,to_inst,48.24766355,south,direct,0,40.0,Long-term
cf,Sex Not Available,nopre,type1,p3,l1,nopc,nob/c,286500,4.99,0.7181,5350.0,neg_amm,not_int,not_lpsm,358000.0,sb,pr,home,1U,3180.0,CIB,569,EXP,65-74,to_inst,80.02793296,south,direct,0,40.0,Long-term
cf,Joint,nopre,type1,p4,l1,nopc,nob/c,386500,3.5,-0.2188,1250.0,not_neg,not_int,not_lpsm,458000.0,sb,pr,home,1U,6060.0,EXP,838,EXP,45-54,to_inst,84.38864629,North,direct,0,38.0,Long-term
cf,Male,nopre,type1,p1,l1,nopc,nob/c,226500,4.25,-0.228,7364.22,neg_amm,not_int,not_lpsm,288000.0,sb,pr,home,1U,2460.0,CIB,893,CIB,<25,to_inst,78.64583333,North,direct,0,57.0,Long-term
cf,Male,nopre,type1,p4,l1,nopc,nob/c,166500,3.5,0.7628,4985.0,not_neg,not_int,not_lpsm,288000.0,sb,pr,home,1U,4080.0,EXP,522,CIB,35-44,to_inst,57.8125,North,direct,0,30.0,Medium-term
cf,Sex Not Available,nopre,type1,p3,l1,nopc,nob/c,236500,3.99,0.5574,7638.39,not_neg,not_int,not_lpsm,368000.0,sb,pr,home,1U,4620.0,EXP,748,EXP,65-74,to_inst,64.26630435,south,direct,0,43.0,Long-term
cf,Sex Not Available,nopre,type1,p3,l1,nopc,nob/c,276500,4.125,0.1795,0.0,not_neg,not_int,not_lpsm,508000.0,sb,pr,home,1U,6420.0,CIB,864,CIB,55-64,to_inst,54.42913386,south,direct,0,24.0,Medium-term
cf,Sex Not Available,nopre,type1,p4,l1,nopc,nob/c,176500,3.75,1.1274,5682.31,not_neg,not_int,not_lpsm,368000.0,sb,ir,home,2U,6300.0,EXP,868,EXP,55-64,to_inst,47.96195652,south,direct,0,49.0,Short-term
cf,Sex Not Available,pre,type3,p3,l1,nopc,nob/c,456500,4.75,0.6497,0.0,not_neg,not_int,not_lpsm,598000.0,sb,pr,home,1U,5400.0,CRIF,810,EXP,>74,to_inst,76.33779264,south,direct,0,49.0,Long-term
cf,Sex Not Available,nopre,type1,p2,l1,nopc,nob/c,156500,4.5,1.1607,3610.01,not_neg,not_int,not_lpsm,458000.0,sb,pr,home,1U,3600.0,CRIF,739,CIB,55-64,to_inst,34.17030568,south,direct,0,28.0,Long-term
cf,Sex Not Available,nopre,type1,p4,l1,nopc,nob/c,376500,3.75,0.0854,4986.5,not_neg,not_int,not_lpsm,508000.0,sb,pr,home,1U,8100.0,CRIF,543,CIB,65-74,to_inst,74.11417323,south,direct,0,30.0,Long-term
cf,Male,pre,type1,p4,l1,nopc,nob/c,596500,3.99,0.3599,2170.705,not_neg,not_int,not_lpsm,878000.0,sb,pr,home,1U,4800.0,EXP,769,CIB,35-44,not_inst,67.93849658,south,direct,1,22.0,Long-term
cf,Sex Not Available,pre,type1,p1,l1,nopc,nob/c,136500,3.99,0.3599,1860.0,not_neg,not_int,not_lpsm,418000.0,sb,pr,home,1U,1800.0,EQUI,615,EXP,55-64,to_inst,0.326555023923445,south,direct,1,39.0,Long-term
cf,Joint,nopre,type1,p3,l1,nopc,nob/c,396500,3.875,-0.2626,6855.2,not_neg,not_int,not_lpsm,578000.0,sb,pr,home,2U,8880.0,CIB,758,EXP,45-54,not_inst,68.59861592,south,direct,0,37.0,Long-term
cf,Male,nopre,type1,p1,l1,nopc,nob/c,456500,4.75,0.2723,2644.8,not_neg,not_int,not_lpsm,578000.0,sb,pr,home,1U,8880.0,CIB,675,CIB,25-34,not_inst,78.97923875,North,direct,0,33.0,Long-term
cf,Male,nopre,type1,p4,l1,nopc,nob/c,356500,3.99,0.3297,5256.62,not_neg,not_int,not_lpsm,458000.0,sb,pr,home,1U,7080.0,CRIF,636,CIB,35-44,to_inst,77.83842795,North,direct,0,26.0,Long-term
cf,Male,nopre,type3,p3,l1,nopc,nob/c,356500,4.25,0.2133,942.77,not_neg,not_int,not_lpsm,408000.0,sb,pr,home,1U,7560.0,CRIF,608,EXP,35-44,to_inst,87.37745098,south,direct,0,40.0,Long-term
cf,Female,nopre,type3,p4,l1,nopc,nob/c,456500,3.25,-0.538,0.0,not_neg,not_int,not_lpsm,538000.0,sb,pr,home,1U,6660.0,CIB,557,EXP,35-44,not_inst,84.85130112,North,direct,0,39.0,Long-term
cf,Female,nopre,type1,p4,l1,nopc,nob/c,146500,3.375,0.6899,4665.0,not_neg,not_int,not_lpsm,198000.0,sb,pr,home,1U,2880.0,CIB,707,CIB,55-64,to_inst,73.98989899,North,direct,0,48.0,Short-term
cf,Male,nopre,type1,p3,l1,nopc,nob/c,206500,4.25,0.7211,1150.0,neg_amm,not_int,not_lpsm,258000.0,sb,pr,home,1U,7200.0,CRIF,812,EXP,45-54,to_inst,80.03875969,North,direct,0,48.0,Short-term
cf,Joint,nopre,type1,p1,l1,nopc,nob/c,716500,3.875,0.427,10447.84,not_neg,not_int,not_lpsm,758000.0,sb,pr,home,1U,7920.0,CRIF,661,EXP,35-44,not_inst,94.52506596,central,direct,0,46.0,Long-term
cf,Male,nopre,type1,p3,l1,nopc,nob/c,126500,3.99,0.8833,2669.32,not_neg,not_int,not_lpsm,218000.0,sb,pr,home,1U,3960.0,CRIF,578,CIB,55-64,to_inst,58.02752294,North,direct,0,42.0,Short-term
ncf,Sex Not Available,nopre,type1,p4,l1,nopc,nob/c,1506500,3.99,0.3599,2170.705,not_neg,not_int,not_lpsm,1108000.0,sb,pr,home,1U,27240.0,EXP,578,CIB,45-54,to_inst,135.965704,south,direct,1,43.0,Long-term
cf,Male,nopre,type2,p4,l1,nopc,b/c,206500,4.25,1.5481,0.0,not_neg,not_int,not_lpsm,218000.0,sb,pr,home,1U,5940.0,CIB,626,EXP,25-34,to_inst,94.72477064,south,direct,0,39.0,Long-term
cf,Female,nopre,type1,p3,l1,nopc,nob/c,106500,3.99,0.3599,3953.13,not_neg,not_int,not_lpsm,178000.0,sb,ir,home,1U,2760.0,EXP,753,CIB,65-74,to_inst,59.83146067,south,direct,1,41.0,Long-term
cf,Sex Not Available,pre,type1,p1,l1,nopc,nob/c,76500,4.25,1.2407,1962.5,not_neg,not_int,not_lpsm,98000.0,sb,sr,home,1U,4020.0,CRIF,697,CIB,45-54,to_inst,78.06122449,south,direct,0,45.0,Short-term
cf,Joint,nopre,type2,p3,l1,nopc,b/c,136500,3.625,0.5976,1637.67,not_neg,not_int,not_lpsm,238000.0,sb,pr,home,1U,3660.0,CRIF,542,EXP,55-64,to_inst,57.35294118,North,direct,0,55.0,Long-term
cf,Female,pre,type1,p1,l1,nopc,nob/c,156500,4.75,1.1828,3929.76,not_neg,not_int,not_lpsm,198000.0,sb,pr,home,1U,3420.0,EXP,680,CIB,55-64,to_inst,79.04040404,North,direct,0,36.0,Long-term
cf,Female,pre,type1,p1,l1,nopc,nob/c,106500,4.25,0.7565,2980.63,not_neg,not_int,not_lpsm,148000.0,sb,pr,home,1U,2460.0,CRIF,700,CIB,65-74,to_inst,71.95945946,North,direct,0,40.0,Long-term
ncf,Joint,nopre,type1,p1,l1,nopc,nob/c,726500,3.99,0.3599,1860.0,not_neg,not_int,not_lpsm,858000.0,sb,pr,home,1U,17520.0,EXP,840,EXP,25-34,not_inst,84.67365967,central,direct,1,27.0,Long-term
cf,Joint,nopre,type1,p4,l1,nopc,nob/c,516500,4.25,0.122,0.0,not_neg,not_int,not_lpsm,738000.0,sb,pr,home,1U,14940.0,CRIF,699,EXP,25-34,not_inst,69.98644986,North,direct,0,31.0,Long-term
ncf,Joint,nopre,type3,p4,l1,nopc,nob/c,526500,3.75,-0.118,0.0,not_neg,not_int,not_lpsm,888000.0,sb,pr,home,1U,5940.0,EXP,691,EXP,25-34,not_inst,59.29054054,south,direct,0,39.0,Long-term
cf,Female,nopre,type3,p1,l2,nopc,nob/c,186500,3.99,0.1379,1545.14,neg_amm,not_int,not_lpsm,418000.0,sb,pr,home,1U,2640.0,EQUI,605,EXP,55-64,to_inst,0.4461722488038278,North,direct,1,40.0,Long-term
cf,Male,nopre,type1,p2,l1,nopc,nob/c,276500,4.375,0.0998,5683.75,not_neg,not_int,not_lpsm,678000.0,sb,pr,home,1U,27540.0,EXP,564,CIB,55-64,to_inst,40.78171091,North,direct,0,44.0,Long-term
cf,Joint,nopre,type1,p3,l2,nopc,nob/c,296500,4.625,0.4637,1044.15,not_neg,not_int,not_lpsm,438000.0,sb,pr,home,1U,4980.0,CRIF,536,EXP,65-74,not_inst,67.69406393,North,direct,0,44.0,Long-term
cf,Sex Not Available,pre,type1,p3,l1,nopc,nob/c,366500,3.99,0.3599,3953.13,not_neg,not_int,not_lpsm,458000.0,sb,ir,home,1U,14580.0,CRIF,647,EXP,55-64,to_inst,80.02183406,south,direct,1,47.0,Short-term
cf,Male,nopre,type1,p4,l1,nopc,nob/c,486500,3.625,0.0535,1272.6,not_neg,not_int,not_lpsm,678000.0,sb,pr,home,1U,20460.0,CRIF,707,CIB,45-54,not_inst,71.75516224,North,direct,0,14.0,Long-term
cf,Female,nopre,type1,p4,l1,nopc,nob/c,316500,3.875,0.3443,7880.0,not_neg,not_int,not_lpsm,398000.0,sb,pr,home,1U,5580.0,EXP,603,CIB,55-64,to_inst,79.52261307,North,direct,0,36.0,Long-term
cf,Male,nopre,type1,p1,l1,nopc,nob/c,336500,4.0,0.4301,813.65,not_neg,not_int,not_lpsm,438000.0,sb,sr,home,1U,10440.0,CRIF,594,CIB,>74,not_inst,76.82648402,south,direct,0,56.0,Long-term
cf,Sex Not Available,nopre,type1,p3,l1,nopc,nob/c,216500,3.99,0.3599,3953.13,not_neg,not_int,not_lpsm,328000.0,sb,pr,home,1U,3360.0,CIB,693,CIB,65-74,to_inst,66.00609756,south,direct,1,37.0,Long-term
cf,Sex Not Available,nopre,type1,p4,l1,nopc,nob/c,176500,3.99,0.3599,2170.705,not_neg,not_int,not_lpsm,418000.0,sb,pr,home,1U,5100.0,EQUI,897,EXP,65-74,to_inst,0.4222488038277512,south,direct,1,39.0,Short-term
cf,Male,nopre,type1,p1,l1,nopc,nob/c,206500,4.5,0.6531,207.22,not_neg,not_int,not_lpsm,278000.0,sb,pr,home,1U,4200.0,EXP,833,CIB,55-64,not_inst,74.28057554,central,direct,0,30.0,Long-term
cf,Joint,pre,type1,p4,l1,nopc,nob/c,666500,4.0,0.142,0.0,not_neg,not_int,not_lpsm,888000.0,sb,pr,home,1U,9480.0,EXP,520,EXP,25-34,not_inst,75.05630631,south,direct,0,30.0,Long-term
cf,Male,nopre,type1,p1,l1,nopc,nob/c,326500,4.375,0.7417,0.0,not_neg,not_int,not_lpsm,438000.0,sb,pr,home,1U,25560.0,CRIF,858,CIB,65-74,to_inst,74.543379,North,direct,0,10.0,Short-term
cf,Male,nopre,type1,p1,l2,nopc,nob/c,466500,4.375,0.3424,0.0,not_neg,not_int,not_lpsm,488000.0,sb,pr,home,1U,8580.0,CRIF,846,CIB,25-34,not_inst,95.5942623,North,direct,0,37.0,Long-term
cf,Joint,nopre,type1,p4,l1,nopc,nob/c,276500,3.99,0.3599,2170.705,not_neg,int_only,not_lpsm,558000.0,sb,pr,home,1U,3360.0,CRIF,601,EXP,65-74,to_inst,49.55197133,North,direct,1,60.0,Short-term
cf,Male,nopre,type1,p3,l1,nopc,nob/c,726500,3.875,0.2174,9146.95,not_neg,not_int,not_lpsm,1078000.0,sb,pr,home,1U,13620.0,CIB,609,EXP,45-54,not_inst,67.39332096,south,direct,0,24.0,Long-term
cf,Female,nopre,type1,p3,l1,nopc,nob/c,506500,4.75,0.3031,3415.0,not_neg,not_int,not_lpsm,638000.0,sb,pr,home,1U,10380.0,EXP,834,CIB,35-44,not_inst,79.38871473,south,direct,0,24.0,Long-term
cf,Joint,nopre,type1,p4,l1,nopc,nob/c,526500,3.625,0.1317,1314.9,not_neg,not_int,not_lpsm,738000.0,sb,pr,home,1U,9540.0,EXP,717,EXP,35-44,not_inst,71.34146341,North,direct,0,40.0,Long-term
cf,Sex Not Available,nopre,type1,p3,l1,nopc,nob/c,136500,5.375,1.057,3953.13,not_neg,not_int,not_lpsm,208000.0,sb,pr,home,1U,2460.0,CRIF,567,EXP,55-64,to_inst,65.625,south,direct,0,37.0,Long-term
cf,Female,nopre,type1,p4,l1,nopc,nob/c,316500,3.99,0.3559,2431.05,not_neg,not_int,not_lpsm,448000.0,sb,pr,home,1U,4920.0,CIB,615,EXP,65-74,to_inst,70.64732143,North,direct,0,34.0,Long-term
cf,Male,nopre,type2,p2,l1,nopc,b/c,66500,3.99,0.96485,1614.96,not_neg,not_int,not_lpsm,418000.0,sb,pr,home,2U,1140.0,EQUI,871,EXP,>74,to_inst,0.1590909090909091,central,direct,1,39.0,Long-term
cf,Sex Not Available,nopre,type1,p1,l1,nopc,nob/c,126500,4.875,0.9135,3724.5,not_neg,not_int,not_lpsm,138000.0,sb,pr,home,1U,8700.0,EXP,538,EXP,25-34,to_inst,91.66666667,south,direct,0,44.0,Long-term
cf,Joint,nopre,type1,p4,l1,nopc,nob/c,376500,3.75,-0.0614,845.41,not_neg,not_int,not_lpsm,498000.0,sb,pr,home,1U,5700.0,CRIF,548,EXP,35-44,not_inst,75.60240964,North,direct,0,42.0,Long-term
cf,Female,pre,type1,p3,l1,nopc,nob/c,186500,4.5,1.218,2269.45,not_neg,not_int,not_lpsm,238000.0,sb,ir,home,1U,3120.0,CRIF,505,CIB,25-34,to_inst,78.36134454,North,direct,0,45.0,Long-term
cf,Male,pre,type1,p1,l1,nopc,nob/c,406500,4.125,-0.273,3628.25,not_neg,not_int,not_lpsm,568000.0,sb,pr,home,1U,10380.0,EXP,860,CIB,45-54,not_inst,71.56690141,North,direct,0,40.0,Long-term
cf,Female,pre,type1,p4,l1,nopc,nob/c,646500,3.99,0.3599,2170.705,not_neg,not_int,not_lpsm,1108000.0,sb,pr,home,2U,4920.0,CIB,865,CIB,45-54,not_inst,58.34837545,North,direct,1,18.0,Long-term
cf,Female,nopre,type1,p4,l1,nopc,nob/c,456500,3.125,-0.4527,2253.0,not_neg,not_int,lpsm,658000.0,sb,pr,home,1U,8280.0,CIB,517,CIB,35-44,not_inst,69.3768997,south,direct,0,24.0,Long-term
cf,Male,nopre,type3,p1,l1,nopc,nob/c,186500,4.25,-0.0561,3604.8,not_neg,not_int,not_lpsm,248000.0,sb,pr,home,1U,2580.0,CIB,759,CIB,45-54,to_inst,75.2016129,North,direct,0,36.0,Long-term
cf,Male,nopre,type1,p1,l1,nopc,nob/c,406500,4.875,0.7215,0.0,not_neg,not_int,not_lpsm,508000.0,sb,pr,home,1U,5400.0,CIB,725,CIB,35-44,not_inst,80.01968504,North,direct,0,43.0,Long-term
cf,Sex Not Available,pre,type1,p4,l1,nopc,nob/c,206500,3.99,0.3599,2170.705,not_neg,not_int,not_lpsm,1858000.0,sb,pr,home,1U,9540.0,EXP,847,EXP,35-44,to_inst,11.11410118,south,direct,1,46.0,Long-term
cf,Sex Not Available,nopre,type3,p1,l1,nopc,nob/c,406500,3.5,-0.1729,1545.14,neg_amm,not_int,not_lpsm,398000.0,sb,pr,home,1U,7980.0,EXP,704,EXP,55-64,to_inst,102.1356784,south,direct,1,56.0,Long-term
cf,Female,nopre,type1,p3,l1,nopc,nob/c,706500,4.25,0.8081,19810.39,not_neg,not_int,not_lpsm,2008000.0,sb,pr,home,1U,16140.0,CIB,777,EXP,55-64,to_inst,35.18426295,North,direct,0,48.0,Long-term
cf,Male,pre,type3,p4,l1,nopc,nob/c,186500,3.375,-0.362,466.74,not_neg,not_int,not_lpsm,258000.0,sb,pr,home,1U,4260.0,CIB,504,CIB,65-74,to_inst,72.28682171,North,direct,0,39.0,Long-term
cf,Sex Not Available,nopre,type1,p3,l1,nopc,nob/c,326500,3.99,1.0704,4004.0,not_neg,not_int,not_lpsm,408000.0,sb,pr,home,1U,7200.0,EXP,767,EXP,65-74,to_inst,80.0245098,south,direct,0,44.0,Short-term
cf,Male,pre,type1,p4,l1,nopc,nob/c,326500,3.99,0.3599,2170.705,not_neg,not_int,not_lpsm,658000.0,sb,pr,home,1U,4380.0,CIB,696,CIB,45-54,to_inst,49.62006079,North,direct,1,49.0,Long-term
cf,Sex Not Available,nopre,type1,p4,l1,nopc,nob/c,306500,3.99,0.3599,2170.705,not_neg,not_int,not_lpsm,358000.0,sb,pr,home,1U,10680.0,CRIF,814,EXP,55-64,to_inst,85.61452514,south,direct,1,27.0,Long-term
ncf,Sex Not Available,pre,type1,p1,l1,nopc,nob/c,126500,4.75,0.3204,3250.0,neg_amm,not_int,not_lpsm,208000.0,sb,pr,home,1U,1560.0,EXP,587,CIB,65-74,to_inst,60.81730769,south,direct,0,46.0,Long-term
cf,Sex Not Available,nopre,type1,p4,l1,nopc,nob/c,246500,3.875,0.2896,2485.0,not_neg,not_int,not_lpsm,328000.0,sb,pr,home,1U,3720.0,CIB,672,CIB,35-44,to_inst,75.15243902,south,direct,0,46.0,Long-term
cf,Female,nopre,type3,p3,l1,nopc,nob/c,146500,3.875,0.7066,258.83,not_neg,not_int,not_lpsm,148000.0,sb,pr,home,1U,2280.0,EXP,588,CIB,55-64,to_inst,98.98648649,central,direct,0,30.0,Medium-term
cf,Male,nopre,type2,p4,l1,nopc,b/c,286500,3.49,0.7682,0.0,not_neg,not_int,not_lpsm,308000.0,sb,pr,home,1U,6540.0,CRIF,762,CIB,35-44,to_inst,93.01948052,central,direct,0,39.0,Long-term
cf,Male,nopre,type1,p3,l1,nopc,nob/c,376500,3.99,0.3599,3953.13,not_neg,not_int,not_lpsm,478000.0,sb,pr,home,1U,23940.0,EXP,664,CIB,65-74,not_inst,78.76569038,North,direct,1,7.0,Long-term
cf,Joint,nopre,type1,p4,l1,nopc,nob/c,396500,3.625,-0.0994,0.0,not_neg,not_int,not_lpsm,668000.0,sb,pr,home,1U,6900.0,EXP,823,EXP,65-74,not_inst,59.35628743,south,direct,0,21.0,Long-term
cf,Sex Not Available,nopre,type1,p3,l1,nopc,nob/c,276500,4.5,0.311,7963.75,neg_amm,not_int,not_lpsm,358000.0,sb,pr,home,1U,4440.0,CIB,654,CIB,35-44,to_inst,77.23463687,south,direct,0,40.0,Long-term
cf,Male,pre,type1,p1,l1,nopc,nob/c,516500,4.18,-0.0939,8248.92,not_neg,not_int,not_lpsm,648000.0,sb,pr,home,1U,9840.0,CIB,518,CIB,35-44,to_inst,79.70679012,North,direct,0,47.0,Long-term
cf,Sex Not Available,nopre,type1,p3,l1,nopc,nob/c,226500,3.99,0.3599,3953.13,not_neg,int_only,not_lpsm,418000.0,sb,pr,home,1U,5640.0,EQUI,662,EXP,55-64,to_inst,0.5418660287081339,south,direct,1,39.0,Long-term
cf,Male,nopre,type3,p4,l1,nopc,nob/c,476500,3.375,-0.243,0.0,not_neg,not_int,not_lpsm,488000.0,sb,pr,home,1U,6840.0,CIB,859,EXP,35-44,not_inst,97.64344262,south,direct,0,39.0,Long-term
cf,Male,nopre,type1,p4,l1,nopc,nob/c,416500,3.5,-0.2755,0.0,not_neg,not_int,not_lpsm,708000.0,sb,pr,home,1U,9480.0,CRIF,839,CIB,35-44,not_inst,58.82768362,south,direct,0,34.0,Long-term
cf,Female,nopre,type2,p1,l1,nopc,b/c,316500,3.99,0.96485,1401.81,not_neg,not_int,not_lpsm,328000.0,sb,pr,home,1U,2460.0,CIB,849,CIB,25-34,not_inst,96.49390244,North,direct,1,42.0,Long-term
cf,Male,nopre,type1,p1,l1,nopc,nob/c,206500,4.75,1.1903,0.0,not_neg,not_int,not_lpsm,228000.0,sb,pr,home,1U,5400.0,CRIF,726,CIB,25-34,to_inst,90.57017544,south,direct,0,40.0,Long-term
cf,Joint,nopre,type1,p4,l2,nopc,nob/c,396500,3.99,-0.0647,7685.0,not_neg,not_int,not_lpsm,498000.0,sb,pr,home,1U,7920.0,CRIF,638,EXP,65-74,to_inst,79.6184739,North,direct,0,43.0,Long-term
cf,Sex Not Available,nopre,type1,p3,l1,nopc,nob/c,286500,3.99,0.3599,3953.13,not_neg,not_int,not_lpsm,408000.0,sb,pr,home,1U,4980.0,CIB,881,EXP,45-54,to_inst,70.22058824,south,direct,1,40.0,Long-term
cf,Male,nopre,type1,p1,l1,nopc,nob/c,376500,4.5,0.6559,0.0,not_neg,not_int,not_lpsm,398000.0,sb,pr,home,1U,6900.0,CRIF,640,CIB,25-34,not_inst,94.59798995,North,direct,0,45.0,Long-term
cf,Joint,nopre,type1,p4,l1,nopc,nob/c,456500,3.99,0.3599,2170.705,not_neg,not_int,not_lpsm,418000.0,sb,pr,home,1U,9300.0,EQUI,500,EXP,25-34,not_inst,1.0921052631578947,North,direct,1,39.0,Long-term
cf,Male,nopre,type1,p3,l1,nopc,nob/c,186500,3.99,0.3599,3953.13,neg_amm,not_int,not_lpsm,418000.0,sb,pr,home,1U,3000.0,EQUI,639,EXP,45-54,to_inst,0.4461722488038278,North,direct,1,39.0,Long-term
cf,Female,nopre,type1,p4,l1,nopc,nob/c,416500,3.99,0.3599,2170.705,not_neg,not_int,not_lpsm,418000.0,sb,pr,home,1U,5340.0,EQUI,574,EXP,55-64,not_inst,0.9964114832535884,south,direct,1,39.0,Long-term
cf,Joint,nopre,type1,p4,l1,nopc,nob/c,216500,3.75,0.1704,4515.41,not_neg,not_int,not_lpsm,318000.0,sb,pr,home,1U,4980.0,EXP,750,EXP,35-44,to_inst,68.08176101,North,direct,0,35.0,Long-term
cf,Male,nopre,type1,p4,l1,nopc,nob/c,436500,3.99,0.202,0.0,not_neg,not_int,not_lpsm,828000.0,sb,pr,home,1U,13140.0,CIB,775,CIB,45-54,not_inst,52.7173913,North,direct,0,20.0,Long-term
cf,Sex Not Available,nopre,type2,p3,l1,nopc,b/c,216500,4.125,0.8211,2395.27,not_neg,not_int,not_lpsm,268000.0,sb,pr,home,1U,5880.0,CRIF,636,CIB,35-44,to_inst,80.78358209,south,direct,0,32.0,Long-term
cf,Female,pre,type1,p1,l1,nopc,nob/c,226500,3.99,0.3234,795.0,neg_amm,not_int,not_lpsm,298000.0,sb,pr,home,1U,6240.0,CRIF,626,CIB,>74,to_inst,76.00671141,south,direct,0,34.0,Short-term
cf,Male,nopre,type1,p4,l1,nopc,nob/c,476500,3.75,-0.068,0.0,not_neg,not_int,not_lpsm,858000.0,sb,pr,home,1U,4860.0,CIB,850,CIB,65-74,not_inst,55.53613054,North,direct,0,46.0,Long-term
cf,Joint,nopre,type3,p1,l1,nopc,nob/c,716500,3.5,-0.5887,2907.9,not_neg,not_int,not_lpsm,1038000.0,sb,pr,home,1U,14040.0,CRIF,568,EXP,45-54,not_inst,69.02697495,North,direct,0,37.0,Long-term
cf,Female,nopre,type1,p4,l2,nopc,nob/c,326500,4.5,0.5214,3873.0,not_neg,not_int,not_lpsm,408000.0,sb,pr,home,1U,9840.0,CIB,758,CIB,45-54,to_inst,80.0245098,North,direct,0,33.0,Long-term
cf,Female,nopre,type1,p3,l1,nopc,nob/c,326500,4.56,0.4678,2886.0,not_neg,not_int,not_lpsm,498000.0,sb,pr,home,1U,4440.0,CRIF,566,CIB,35-44,to_inst,65.562249,North,direct,0,41.0,Long-term
cf,Sex Not Available,nopre,type1,p4,l1,nopc,nob/c,276500,3.75,0.0642,2648.45,not_neg,not_int,not_lpsm,458000.0,sb,pr,home,1U,8400.0,CRIF,626,EXP,35-44,to_inst,60.37117904,south,direct,0,25.0,Long-term
cf,Sex Not Available,pre,type2,p3,l1,nopc,b/c,86500,3.99,0.96485,2269.45,not_neg,not_int,not_lpsm,168000.0,sb,pr,home,1U,2760.0,CRIF,893,CIB,35-44,to_inst,51.48809524,south,direct,1,49.0,Short-term
cf,Male,nopre,type1,p3,l1,nopc,nob/c,96500,4.99,1.3058,3029.0,not_neg,not_int,not_lpsm,138000.0,sb,pr,home,1U,2460.0,CRIF,682,CIB,55-64,to_inst,69.92753623,North,direct,0,23.0,Long-term
cf,Female,nopre,type1,p4,l1,nopc,nob/c,236500,3.875,-0.1746,0.0,not_neg,not_int,not_lpsm,438000.0,sb,pr,home,1U,3120.0,CIB,858,CIB,25-34,not_inst,53.99543379,North,direct,0,40.0,Long-term
cf,Female,nopre,type1,p1,l1,nopc,nob/c,316500,3.875,-0.003,2429.1,not_neg,not_int,not_lpsm,358000.0,sb,pr,home,1U,6660.0,EXP,594,CIB,25-34,not_inst,88.40782123,south,direct,0,31.0,Long-term
cf,Joint,nopre,type1,p3,l1,nopc,nob/c,306500,4.18,0.071,1025.0,not_neg,not_int,not_lpsm,388000.0,sb,pr,home,1U,3000.0,EXP,649,EXP,35-44,not_inst,78.99484536,North,direct,0,44.0,Long-term
cf,Sex Not Available,nopre,type1,p3,l1,nopc,nob/c,426500,3.99,0.3599,3953.13,not_neg,not_int,not_lpsm,518000.0,sb,pr,home,1U,5640.0,EXP,685,CIB,55-64,to_inst,82.33590734,south,direct,1,36.0,Long-term
cf,Male,nopre,type1,p4,l1,nopc,nob/c,646500,3.875,0.1613,3704.9,not_neg,not_int,not_lpsm,1068000.0,sb,pr,home,1U,8880.0,CRIF,633,CIB,65-74,not_inst,60.53370787,North,direct,0,37.0,Long-term
cf,Female,nopre,type3,p4,l1,nopc,nob/c,506500,3.5,-0.1729,951.9,not_neg,not_int,not_lpsm,508000.0,sb,pr,home,1U,6660.0,EXP,895,CIB,35-44,to_inst,99.70472441,North,direct,1,39.0,Long-term
cf,Male,nopre,type1,p4,l1,nopc,nob/c,506500,3.69,-0.0853,0.0,not_neg,not_int,not_lpsm,628000.0,sb,pr,home,1U,6540.0,CRIF,688,CIB,35-44,not_inst,80.65286624,central,direct,0,43.0,Long-term
ncf,Sex Not Available,nopre,type1,p3,l1,nopc,nob/c,856500,3.5,0.138,33268.0,not_neg,not_int,not_lpsm,1128000.0,sb,pr,home,1U,23040.0,CIB,847,CIB,45-54,to_inst,75.93085106,south,direct,0,25.0,Long-term
cf,Joint,nopre,type1,p4,l1,nopc,nob/c,476500,3.99,0.061,0.0,not_neg,not_int,not_lpsm,548000.0,sb,pr,home,1U,14100.0,EXP,757,EXP,45-54,not_inst,86.95255474,North,direct,0,37.0,Long-term
cf,Male,nopre,type1,p1,l2,nopc,nob/c,486500,4.0,-0.2067,7783.17,not_neg,not_int,not_lpsm,528000.0,sb,pr,home,1U,9120.0,CRIF,875,CIB,35-44,not_inst,92.14015152,south,direct,0,37.0,Long-term
cf,Sex Not Available,nopre,type1,p3,l1,nopc,nob/c,646500,3.99,0.3599,3953.13,not_neg,not_int,not_lpsm,708000.0,sb,pr,home,1U,8220.0,CIB,762,CIB,35-44,to_inst,91.31355932,south,direct,1,31.0,Long-term
cf,Female,nopre,type2,p3,l1,nopc,b/c,156500,3.99,0.96485,2269.45,not_neg,not_int,lpsm,258000.0,sb,pr,home,1U,1680.0,EXP,570,CIB,65-74,to_inst,60.65891473,North,direct,1,46.0,Long-term
cf,Male,pre,type2,p3,l1,nopc,b/c,266500,3.75,0.7232,1563.71,not_neg,not_int,not_lpsm,308000.0,sb,pr,home,1U,6000.0,CIB,521,CIB,45-54,to_inst,86.52597403,North,direct,0,41.0,Long-term
cf,Female,nopre,type1,p4,l1,nopc,nob/c,376500,3.625,-0.092,1171.27,not_neg,not_int,not_lpsm,608000.0,sb,pr,home,1U,7020.0,CIB,574,CIB,55-64,not_inst,61.92434211,North,direct,0,49.0,Long-term
cf,Male,nopre,type3,p3,l1,nopc,nob/c,446500,4.375,-0.1578,2750.0,neg_amm,not_int,not_lpsm,448000.0,sb,pr,home,1U,7740.0,CIB,767,CIB,45-54,to_inst,99.66517857,North,direct,0,45.0,Long-term
cf,Joint,nopre,type1,p4,l1,nopc,nob/c,486500,3.99,0.3599,2170.705,not_neg,int_only,not_lpsm,418000.0,sb,pr,home,1U,6780.0,EQUI,736,EXP,25-34,not_inst,1.1638755980861244,south,direct,1,39.0,Long-term
cf,Sex Not Available,nopre,type1,p3,l1,nopc,nob/c,236500,4.75,1.3579,2969.2,not_neg,not_int,not_lpsm,318000.0,sb,pr,home,1U,5520.0,CIB,860,EXP,25-34,to_inst,74.37106918,south,direct,0,40.0,Short-term
cf,Sex Not Available,nopre,type1,p3,l1,nopc,nob/c,446500,5.125,0.7481,12262.5,not_neg,not_int,not_lpsm,638000.0,sb,ir,home,2U,11100.0,CRIF,591,EXP,25-34,to_inst,69.98432602,south,direct,0,27.0,Long-term
cf,Joint,nopre,type1,p3,l1,nopc,nob/c,206500,4.125,0.5642,6250.0,not_neg,not_int,not_lpsm,308000.0,sb,pr,home,1U,2760.0,CIB,731,EXP,>74,to_inst,67.04545455,North,direct,0,37.0,Long-term
cf,Joint,pre,type3,p1,l1,nopc,nob/c,146500,3.5,-0.1729,1545.14,not_neg,not_int,not_lpsm,418000.0,sb,pr,home,1U,3300.0,EQUI,793,EXP,55-64,to_inst,0.3504784688995215,North,direct,1,39.0,Long-term
cf,Female,nopre,type1,p3,l1,nopc,nob/c,116500,4.99,1.069,2012.5,not_neg,not_int,not_lpsm,168000.0,sb,pr,home,1U,1680.0,CIB,662,CIB,55-64,to_inst,69.3452381,North,direct,0,37.0,Long-term
cf,Sex Not Available,nopre,type1,p3,l1,nopc,nob/c,376500,3.5,-0.0987,6800.0,not_neg,not_int,not_lpsm,728000.0,sb,pr,home,1U,3840.0,EXP,870,CIB,45-54,to_inst,51.71703297,south,direct,0,46.0,Long-term
ncf,Joint,nopre,type1,p4,l1,nopc,nob/c,1086500,3.5,-0.1055,5586.14,not_neg,not_int,not_lpsm,2158000.0,sb,pr,home,1U,108300.0,CIB,548,EXP,55-64,not_inst,50.34754402,North,direct,0,6.0,Long-term
cf,Sex Not Available,nopre,type3,p4,l1,nopc,nob/c,256500,3.5,-0.1729,951.9,not_neg,int_only,not_lpsm,418000.0,sb,pr,home,1U,0.0,EQUI,590,EXP,45-54,not_inst,0.6136363636363636,south,direct,1,39.0,Long-term
cf,Joint,nopre,type1,p4,l1,nopc,nob/c,396500,2.875,0.1231,13391.25,not_neg,not_int,not_lpsm,568000.0,sb,sr,home,1U,12240.0,CRIF,631,EXP,65-74,to_inst,69.80633803,North,direct,0,49.0,Short-term
cf,Female,nopre,type1,p3,l1,nopc,nob/c,336500,4.125,-0.0615,9875.5,neg_amm,not_int,not_lpsm,478000.0,sb,pr,home,1U,3000.0,CIB,823,CIB,45-54,to_inst,70.39748954,North,direct,0,49.0,Long-term
ncf,Sex Not Available,nopre,type1,p1,l1,nopc,nob/c,1006500,3.99,0.3599,1860.0,neg_amm,not_int,not_lpsm,1258000.0,sb,sr,home,1U,18900.0,CIB,844,EXP,35-44,to_inst,80.00794913,south,direct,1,38.0,Long-term
cf,Female,nopre,type1,p4,l1,nopc,nob/c,316500,3.99,0.3599,2170.705,neg_amm,not_int,not_lpsm,358000.0,sb,pr,home,1U,5580.0,EXP,749,CIB,35-44,to_inst,88.40782123,south,direct,1,31.0,Long-term
cf,Female,nopre,type1,p4,l1,nopc,nob/c,486500,3.375,-0.298,1795.0,not_neg,not_int,not_lpsm,998000.0,sb,pr,home,1U,7740.0,EXP,577,CIB,45-54,not_inst,48.74749499,North,direct,0,36.0,Long-term
cf,Sex Not Available,nopre,type1,p3,l1,nopc,nob/c,156500,3.875,1.1525,4400.0,not_neg,not_int,not_lpsm,238000.0,sb,pr,home,1U,3540.0,CRIF,837,CIB,65-74,to_inst,65.75630252,south,direct,0,40.0,Short-term
cf,Female,nopre,type1,p4,l1,nopc,nob/c,226500,3.99,0.4253,5539.25,not_neg,not_int,not_lpsm,258000.0,sb,pr,home,1U,6480.0,CIB,638,EXP,>74,to_inst,87.79069767,south,direct,0,49.0,Long-term
cf,Male,nopre,type1,p4,l1,nopc,nob/c,686500,3.75,0.0146,212.49,not_neg,not_int,not_lpsm,1208000.0,sb,pr,home,1U,7500.0,CIB,900,CIB,35-44,not_inst,56.8294702,south,direct,0,44.0,Long-term
cf,Male,pre,type1,p1,l1,nopc,nob/c,186500,3.99,0.3599,1860.0,not_neg,not_int,not_lpsm,418000.0,sb,pr,home,1U,3600.0,EQUI,628,EXP,25-34,not_inst,0.4461722488038278,North,direct,1,39.0,Long-term
cf,Female,nopre,type1,p3,l1,nopc,nob/c,306500,3.99,0.4377,4280.0,not_neg,not_int,not_lpsm,448000.0,sb,pr,home,1U,4980.0,CIB,865,CIB,35-44,to_inst,68.41517857,North,direct,0,37.0,Long-term
cf,Joint,nopre,type2,p4,l1,nopc,b/c,296500,3.99,0.96485,0.0,not_neg,not_int,not_lpsm,338000.0,sb,pr,home,1U,5520.0,EXP,583,EXP,55-64,not_inst,87.72189349,south,direct,1,39.0,Long-term
cf,Sex Not Available,nopre,type2,p3,l1,nopc,b/c,146500,3.99,0.6648,1385.0,neg_amm,not_int,not_lpsm,188000.0,sb,pr,home,1U,1860.0,CIB,511,CIB,55-64,to_inst,77.92553191,south,direct,0,46.0,Long-term
cf,Sex Not Available,pre,type1,p3,l1,nopc,nob/c,176500,3.99,0.3599,3953.13,not_neg,not_int,not_lpsm,348000.0,sb,sr,home,1U,5700.0,EQUI,563,EXP,55-64,to_inst,0.507183908045977,south,direct,1,39.0,Short-term
cf,Male,nopre,type1,p4,l1,nopc,nob/c,126500,4.99,0.8337,3611.25,neg_amm,not_int,not_lpsm,558000.0,sb,ir,home,1U,5280.0,CIB,892,CIB,35-44,to_inst,22.6702509,south,direct,0,33.0,Long-term
cf,Sex Not Available,nopre,type1,p1,l2,nopc,nob/c,236500,4.5,0.48975,1860.0,neg_amm,not_int,not_lpsm,418000.0,sb,pr,home,1U,6360.0,EQUI,641,EXP,25-34,to_inst,0.5657894736842105,south,direct,1,40.0,Long-term
cf,Male,nopre,type1,p1,l1,nopc,nob/c,456500,4.99,0.4588,3415.5,not_neg,not_int,not_lpsm,528000.0,sb,pr,home,1U,7620.0,CIB,629,CIB,35-44,to_inst,86.45833333,North,direct,0,38.0,Long-term
cf,Joint,nopre,type1,p1,l1,nopc,nob/c,526500,4.99,1.0204,9185.0,not_neg,not_int,not_lpsm,858000.0,sb,sr,home,1U,31080.0,EXP,769,EXP,45-54,to_inst,61.36363636,North,direct,0,29.0,Long-term
cf,Female,nopre,type1,p3,l1,nopc,nob/c,206500,4.5,1.174,5356.0,not_neg,not_int,not_lpsm,318000.0,sb,pr,home,1U,3120.0,CIB,582,CIB,45-54,to_inst,64.93710692,North,direct,0,32.0,Long-term
cf,Female,nopre,type1,p2,l1,nopc,nob/c,306500,4.75,0.5457,5000.0,neg_amm,not_int,not_lpsm,388000.0,sb,pr,home,1U,12060.0,CRIF,742,CIB,45-54,to_inst,78.99484536,North,direct,0,47.0,Long-term
cf,Female,nopre,type1,p4,l1,nopc,nob/c,506500,3.69,-0.1033,0.0,not_neg,not_int,not_lpsm,998000.0,sb,pr,home,1U,6000.0,CRIF,545,CIB,55-64,not_inst,50.75150301,North,direct,0,42.0,Long-term
cf,Male,nopre,type1,p3,l1,nopc,nob/c,206500,5.75,1.4165,2440.0,neg_amm,not_int,not_lpsm,258000.0,sb,pr,home,1U,8220.0,CRIF,803,CIB,45-54,to_inst,80.03875969,North,direct,0,32.0,Long-term
cf,Joint,nopre,type1,p3,l1,nopc,nob/c,266500,3.99,0.3599,3953.13,not_neg,not_int,not_lpsm,418000.0,sb,pr,home,1U,3240.0,CIB,886,EXP,>74,to_inst,63.75598086,south,direct,1,42.0,Long-term
cf,Male,nopre,type1,p1,l1,nopc,nob/c,546500,4.125,0.0915,8101.5,not_neg,not_int,not_lpsm,678000.0,sb,pr,home,1U,8880.0,EXP,698,CIB,35-44,not_inst,80.60471976,North,direct,0,38.0,Long-term
cf,Male,nopre,type1,p3,l1,nopc,nob/c,286500,4.5,0.3743,2565.0,not_neg,not_int,not_lpsm,608000.0,sb,pr,home,1U,3240.0,CIB,771,CIB,45-54,to_inst,47.12171053,south,direct,0,49.0,Long-term
cf,Joint,nopre,type1,p3,l1,nopc,nob/c,426500,4.875,0.7807,0.0,not_neg,not_int,not_lpsm,628000.0,sb,pr,home,1U,11100.0,CIB,621,EXP,45-54,to_inst,67.91401274,North,direct,0,43.0,Long-term
cf,Sex Not Available,nopre,type1,p4,l1,nopc,nob/c,86500,4.375,1.3223,2736.9,not_neg,not_int,not_lpsm,138000.0,sb,pr,home,1U,3720.0,CRIF,563,EXP,55-64,to_inst,62.68115942,south,direct,0,40.0,Short-term
cf,Male,nopre,type1,p4,l1,nopc,nob/c,476500,3.75,0.103,4107.12,not_neg,not_int,not_lpsm,798000.0,sb,pr,home,1U,9240.0,CIB,696,CIB,45-54,to_inst,59.71177945,south,direct,0,23.0,Long-term
cf,Male,nopre,type2,p1,l1,nopc,b/c,76500,4.875,1.6716,1818.03,neg_amm,not_int,not_lpsm,88000.0,sb,pr,home,1U,2940.0,EXP,662,CIB,35-44,to_inst,86.93181818,North,direct,0,28.0,Long-term
cf,Female,nopre,type2,p1,l1,nopc,b/c,146500,3.99,1.1863,1957.63,not_neg,not_int,not_lpsm,148000.0,sb,pr,home,1U,6780.0,CRIF,690,EXP,45-54,to_inst,98.98648649,south,direct,0,37.0,Long-term
cf,Sex Not Available,nopre,type1,p4,l1,nopc,nob/c,406500,3.5,-0.3455,0.0,not_neg,not_int,not_lpsm,808000.0,sb,pr,home,1U,3960.0,CRIF,556,CIB,65-74,not_inst,50.30940594,North,direct,0,42.0,Long-term
cf,Male,nopre,type1,p3,l1,nopc,nob/c,166500,4.75,1.4247,4768.75,not_neg,not_int,not_lpsm,268000.0,sb,ir,home,1U,1380.0,EXP,713,CIB,55-64,to_inst,62.12686567,North,direct,0,15.0,Long-term
cf,Joint,pre,type1,p3,l1,nopc,nob/c,266500,5.25,0.763,0.0,neg_amm,not_int,not_lpsm,428000.0,sb,pr,home,1U,4920.0,EXP,754,EXP,55-64,not_inst,62.26635514,central,direct,0,40.0,Long-term
cf,Joint,nopre,type2,p1,l1,nopc,b/c,216500,3.99,0.96485,1401.81,not_neg,not_int,not_lpsm,418000.0,sb,pr,home,1U,3300.0,EQUI,576,EXP,35-44,not_inst,0.5179425837320574,central,direct,1,39.0,Long-term
cf,Joint,nopre,type1,p3,l1,nopc,nob/c,726500,3.99,0.3599,3953.13,not_neg,not_int,not_lpsm,1058000.0,sb,ir,home,1U,8580.0,CRIF,762,EXP,45-54,not_inst,68.66729679,North,direct,1,5.0,Long-term
cf,Female,nopre,type1,p4,l1,nopc,nob/c,236500,2.99,0.2814,5940.0,not_neg,not_int,not_lpsm,328000.0,sb,pr,home,1U,6900.0,EXP,556,CIB,65-74,to_inst,72.10365854,central,direct,0,30.0,Short-term
cf,Joint,nopre,type1,p1,l1,nopc,nob/c,366500,4.75,0.8997,7214.0,not_neg,not_int,not_lpsm,388000.0,sb,pr,home,1U,10380.0,EXP,609,EXP,45-54,not_inst,94.45876289,North,direct,0,33.0,Long-term
cf,Joint,pre,type1,p1,l1,nopc,nob/c,246500,4.625,0.9848,2469.05,not_neg,not_int,not_lpsm,258000.0,sb,pr,home,1U,6420.0,EXP,570,EXP,25-34,to_inst,95.54263566,North,direct,0,31.0,Long-term
cf,Joint,nopre,type1,p4,l2,nopc,nob/c,236500,4.875,0.8358,3844.36,not_neg,not_int,not_lpsm,378000.0,sb,pr,home,1U,4380.0,CIB,699,EXP,45-54,to_inst,62.56613757,North,direct,0,48.0,Long-term
cf,Joint,nopre,type2,p4,l1,nopc,b/c,726500,3.75,1.2395,0.0,not_neg,not_int,not_lpsm,768000.0,sb,pr,home,1U,6660.0,CRIF,735,EXP,35-44,not_inst,94.59635417,North,direct,0,39.0,Long-term
cf,Male,nopre,type1,p4,l1,nopc,nob/c,246500,3.99,0.3599,2170.705,not_neg,not_int,not_lpsm,318000.0,sb,pr,home,1U,2820.0,CRIF,615,EXP,35-44,to_inst,77.51572327,North,direct,1,53.0,Long-term
cf,Female,nopre,type2,p3,l1,nopc,b/c,256500,3.99,0.96485,2269.45,neg_amm,int_only,not_lpsm,328000.0,sb,pr,home,1U,6180.0,CIB,814,CIB,45-54,to_inst,78.20121951,North,direct,1,21.0,Long-term
cf,Joint,pre,type1,p1,l1,nopc,nob/c,726500,4.5,0.6131,14862.5,not_neg,int_only,not_lpsm,918000.0,sb,pr,home,1U,21660.0,CRIF,582,EXP,35-44,to_inst,79.13943355,North,direct,0,40.0,Long-term
cf,Male,nopre,type3,p4,l1,nopc,nob/c,436500,2.75,-0.8732,4239.5,not_neg,not_int,not_lpsm,468000.0,sb,pr,home,1U,6840.0,EXP,676,CIB,35-44,not_inst,93.26923077,south,direct,0,39.0,Long-term
cf,Sex Not Available,nopre,type1,p3,l1,nopc,nob/c,126500,4.125,1.0483,3880.1,not_neg,not_int,not_lpsm,348000.0,sb,pr,home,1U,2520.0,EXP,597,CIB,55-64,to_inst,36.35057471,south,direct,0,43.0,Short-term
cf,Male,pre,type3,p3,l1,nopc,nob/c,446500,3.375,-0.0358,5020.38,not_neg,not_int,not_lpsm,488000.0,sb,pr,home,1U,4380.0,CRIF,859,CIB,45-54,to_inst,91.49590164,south,direct,0,59.0,Long-term
cf,Male,nopre,type1,p4,l1,nopc,nob/c,536500,4.18,0.0396,1468.0,not_neg,not_int,not_lpsm,1248000.0,sb,pr,home,1U,8580.0,CIB,536,CIB,45-54,not_inst,42.98878205,south,direct,0,42.0,Long-term
ncf,Joint,pre,type1,p1,l1,nopc,nob/c,316500,3.875,-0.1357,7943.75,not_neg,not_int,not_lpsm,358000.0,sb,sr,home,1U,22380.0,CIB,655,EXP,45-54,to_inst,88.40782123,North,direct,0,41.0,Long-term
cf,Sex Not Available,nopre,type1,p4,l1,nopc,nob/c,446500,3.375,-0.1965,0.0,not_neg,not_int,not_lpsm,858000.0,sb,pr,home,1U,6480.0,EXP,738,EXP,>74,not_inst,52.03962704,south,direct,0,33.0,Long-term
cf,Female,pre,type1,p3,l1,nopc,nob/c,256500,3.375,0.4133,5535.0,not_neg,not_int,not_lpsm,418000.0,sb,pr,home,1U,8280.0,CIB,823,CIB,65-74,not_inst,61.36363636,North,direct,0,21.0,Short-term
cf,Male,nopre,type1,p3,l1,nopc,nob/c,156500,4.5,0.9903,3953.75,not_neg,not_int,not_lpsm,238000.0,sb,pr,home,1U,5160.0,CIB,820,EXP,35-44,to_inst,65.75630252,North,direct,0,48.0,Long-term
ncf,Female,nopre,type1,p3,l1,nopc,nob/c,416500,4.125,-0.0796,1007.84,not_neg,not_int,not_lpsm,708000.0,sb,pr,home,1U,6780.0,CRIF,623,CIB,45-54,not_inst,58.82768362,North,direct,0,28.0,Long-term
ncf,Male,nopre,type1,p3,l1,nopc,nob/c,566500,3.99,0.1432,3953.13,not_neg,not_int,not_lpsm,1008000.0,sb,pr,home,1U,11820.0,CRIF,774,CIB,45-54,to_inst,56.20039683,North,direct,0,34.0,Long-term
cf,Sex Not Available,nopre,type1,p3,l1,nopc,nob/c,356500,3.99,0.2706,5991.79,neg_amm,not_int,not_lpsm,598000.0,sb,pr,home,1U,6480.0,EXP,767,CIB,65-74,to_inst,59.61538462,North,direct,0,49.0,Medium-term
ncf,Joint,pre,type1,p3,l1,nopc,nob/c,446500,4.25,0.0996,630.96,not_neg,not_int,not_lpsm,648000.0,sb,pr,home,1U,4380.0,CIB,697,EXP,55-64,not_inst,68.90432099,North,direct,0,46.0,Long-term
cf,Sex Not Available,nopre,type3,p4,l1,nopc,nob/c,126500,3.125,-0.441,3160.33,not_neg,not_int,not_lpsm,268000.0,sb,pr,home,1U,3600.0,EXP,747,CIB,>74,to_inst,47.20149254,south,direct,0,39.0,Long-term
cf,Sex Not Available,nopre,type1,p4,l1,nopc,nob/c,236500,3.99,0.3599,2170.705,not_neg,int_only,not_lpsm,308000.0,sb,pr,home,1U,9360.0,CRIF,748,CIB,55-64,to_inst,76.78571429,south,direct,1,15.0,Long-term
cf,Joint,nopre,type1,p4,l1,nopc,nob/c,446500,3.875,0.2085,612.39,not_neg,int_only,not_lpsm,758000.0,sb,pr,home,1U,7860.0,CIB,666,EXP,35-44,not_inst,58.90501319,North,direct,0,39.0,Long-term
cf,Joint,nopre,type1,p4,l1,nopc,nob/c,146500,3.625,0.559,4598.0,not_neg,not_int,not_lpsm,708000.0,sb,pr,home,1U,4560.0,CRIF,640,EXP,55-64,to_inst,20.6920904,North,direct,0,20.0,Short-term
cf,Sex Not Available,nopre,type3,p1,l1,nopc,nob/c,206500,3.5,-0.1729,1545.14,not_neg,not_int,not_lpsm,258000.0,sb,pr,home,1U,4620.0,EXP,878,EXP,45-54,to_inst,80.03875969,south,direct,1,31.0,Long-term
cf,Joint,nopre,type1,p4,l1,nopc,nob/c,596500,3.875,0.221,0.0,not_neg,not_int,not_lpsm,668000.0,sb,pr,home,1U,6300.0,CRIF,568,EXP,25-34,not_inst,89.29640719,North,direct,0,41.0,Long-term
cf,Sex Not Available,pre,type1,p1,l1,nopc,nob/c,446500,3.99,0.3599,1860.0,not_neg,not_int,not_lpsm,418000.0,sb,pr,home,1U,10800.0,EQUI,596,EXP,35-44,to_inst,1.068181818181818,south,direct,1,39.0,Long-term
cf,Sex Not Available,nopre,type1,p4,l1,nopc,nob/c,426500,3.625,0.0444,5001.13,not_neg,not_int,not_lpsm,578000.0,sb,pr,home,1U,11520.0,CIB,643,EXP,25-34,to_inst,73.78892734,south,direct,0,26.0,Long-term
cf,Joint,nopre,type1,p1,l1,nopc,nob/c,316500,3.375,-0.0796,8307.13,not_neg,not_int,not_lpsm,368000.0,sb,pr,home,1U,3960.0,CIB,593,EXP,35-44,to_inst,86.00543478,North,direct,0,39.0,Long-term
cf,Male,nopre,type1,p3,l1,nopc,nob/c,566500,5.25,0.6471,13040.69,not_neg,not_int,not_lpsm,858000.0,sb,pr,home,1U,5400.0,CIB,732,CIB,55-64,to_inst,66.02564103,south,direct,0,47.0,Long-term
cf,Joint,nopre,type1,p1,l1,nopc,nob/c,266500,4.125,-0.007,935.0,neg_amm,not_int,not_lpsm,268000.0,sb,pr,home,1U,4080.0,CRIF,512,EXP,25-34,not_inst,99.44029851,North,direct,0,40.0,Long-term
cf,Female,nopre,type1,p1,l1,nopc,nob/c,286500,3.99,0.3599,1860.0,not_neg,not_int,lpsm,418000.0,sb,pr,home,1U,4080.0,EQUI,579,EXP,45-54,not_inst,0.6854066985645934,south,direct,1,39.0,Long-term
cf,Male,nopre,type1,p4,l1,nopc,nob/c,316500,3.625,0.1057,6774.0,not_neg,not_int,not_lpsm,368000.0,sb,pr,home,1U,14220.0,CIB,586,EXP,25-34,not_inst,86.00543478,North,direct,0,31.0,Long-term
cf,Male,nopre,type1,p3,l1,nopc,nob/c,196500,3.875,0.3426,3628.75,not_neg,not_int,not_lpsm,238000.0,sb,pr,home,1U,5520.0,CRIF,540,CIB,65-74,to_inst,82.56302521,south,direct,0,31.0,Long-term
cf,Joint,nopre,type1,p4,l1,nopc,nob/c,446500,3.5,-0.1203,0.0,not_neg,int_only,not_lpsm,608000.0,sb,pr,home,1U,6660.0,CIB,667,EXP,45-54,not_inst,73.4375,south,direct,0,24.0,Long-term
cf,Female,nopre,type1,p1,l1,nopc,nob/c,706500,3.99,0.3599,1860.0,neg_amm,not_int,not_lpsm,418000.0,sb,pr,home,1U,13020.0,EQUI,512,EXP,45-54,not_inst,1.690191387559809,North,direct,1,39.0,Long-term
cf,Female,nopre,type1,p2,l1,nopc,nob/c,196500,4.625,0.557,3076.0,not_neg,not_int,not_lpsm,348000.0,sb,ir,home,1U,6000.0,EXP,601,CIB,35-44,not_inst,56.46551724,North,direct,0,49.0,Long-term
cf,Joint,pre,type1,p1,l1,nopc,nob/c,456500,4.125,-0.273,0.0,not_neg,not_int,not_lpsm,798000.0,sb,pr,home,1U,6480.0,CRIF,744,EXP,25-34,not_inst,57.20551378,North,direct,0,36.0,Long-term
cf,Sex Not Available,nopre,type2,p3,l1,nopc,b/c,86500,3.25,1.5046,3230.43,not_neg,int_only,not_lpsm,148000.0,sb,pr,home,1U,1560.0,CIB,785,CIB,>74,to_inst,58.44594595,south,direct,0,42.0,Short-term
cf,Female,nopre,type1,p1,l1,nopc,nob/c,216500,3.75,-0.1445,4747.0,not_neg,not_int,not_lpsm,268000.0,sb,pr,home,1U,3180.0,CIB,619,CIB,45-54,to_inst,80.78358209,North,direct,0,30.0,Long-term
cf,Sex Not Available,nopre,type3,p3,l1,nopc,nob/c,266500,3.5,-0.0604,7287.5,not_neg,not_int,not_lpsm,308000.0,sb,pr,home,1U,4080.0,CIB,899,CIB,>74,to_inst,86.52597403,south,direct,0,31.0,Long-term
cf,Female,nopre,type1,p3,l1,nopc,nob/c,326500,3.75,0.1641,7343.75,not_neg,not_int,not_lpsm,608000.0,sb,pr,home,1U,3960.0,CIB,545,CIB,45-54,to_inst,53.70065789,North,direct,0,38.0,Long-term
cf,Joint,nopre,type2,p3,l1,nopc,b/c,516500,3.99,1.1301,6344.0,not_neg,int_only,not_lpsm,618000.0,sb,pr,home,1U,8880.0,CRIF,803,EXP,45-54,to_inst,83.57605178,North,direct,0,48.0,Long-term
cf,Sex Not Available,nopre,type1,p4,l1,nopc,nob/c,276500,3.625,-0.0399,2828.16,neg_amm,not_int,not_lpsm,478000.0,sb,pr,home,1U,6300.0,CRIF,605,EXP,45-54,to_inst,57.84518828,south,direct,0,32.0,Long-term
cf,Sex Not Available,nopre,type1,p3,l1,nopc,nob/c,276500,4.99,0.9166,8710.0,not_neg,not_int,not_lpsm,368000.0,sb,pr,home,1U,4140.0,EXP,897,CIB,45-54,to_inst,75.13586957,south,direct,0,39.0,Long-term
cf,Sex Not Available,nopre,type1,p2,l1,nopc,nob/c,206500,4.99,0.5995,2551.79,not_neg,not_int,not_lpsm,278000.0,sb,pr,home,1U,2940.0,EXP,812,CIB,25-34,not_inst,74.28057554,south,direct,0,49.0,Long-term
cf,Joint,nopre,type1,p3,l1,nopc,nob/c,256500,3.99,0.3599,3953.13,not_neg,not_int,lpsm,418000.0,sb,pr,home,1U,8160.0,EQUI,520,EXP,45-54,to_inst,0.6136363636363636,central,direct,1,39.0,Long-term
cf,Male,nopre,type1,p1,l1,nopc,nob/c,336500,4.375,0.218,0.0,not_neg,not_int,not_lpsm,428000.0,sb,pr,home,1U,3900.0,CIB,515,CIB,25-34,not_inst,78.62149533,south,direct,0,43.0,Long-term
cf,Male,pre,type1,p3,l1,nopc,nob/c,246500,4.75,0.5751,5100.4,not_neg,not_int,not_lpsm,318000.0,sb,pr,home,1U,4020.0,CIB,732,CIB,25-34,to_inst,77.51572327,North,direct,0,21.0,Long-term
cf,Female,nopre,type1,p3,l1,nopc,nob/c,86500,3.875,1.4972,3182.0,not_neg,not_int,not_lpsm,178000.0,sb,pr,home,1U,1860.0,CIB,611,CIB,55-64,to_inst,48.59550562,North,direct,0,38.0,Short-term
cf,Female,nopre,type2,p4,l1,nopc,b/c,216500,3.5,0.6936,6403.71,not_neg,not_int,not_lpsm,258000.0,sb,pr,home,1U,9300.0,CIB,505,EXP,35-44,to_inst,83.91472868,North,direct,0,40.0,Long-term
cf,Joint,nopre,type1,p4,l1,nopc,nob/c,336500,3.5,-0.1133,197.16,not_neg,not_int,not_lpsm,998000.0,sb,pr,home,1U,6780.0,CIB,574,EXP,35-44,not_inst,33.71743487,North,direct,0,37.0,Long-term
cf,Sex Not Available,nopre,type1,p3,l2,nopc,nob/c,706500,4.375,0.3253,7816.0,not_neg,not_int,not_lpsm,1168000.0,sb,pr,home,1U,10920.0,EXP,539,EXP,65-74,not_inst,60.4880137,south,direct,0,38.0,Long-term
cf,Male,nopre,type1,p4,l1,nopc,nob/c,446500,3.99,0.3599,2170.705,not_neg,not_int,not_lpsm,558000.0,sb,pr,home,1U,8100.0,EXP,509,CIB,25-34,not_inst,80.01792115,south,direct,1,40.0,Long-term
cf,Sex Not Available,pre,type1,p3,l1,nopc,nob/c,256500,3.99,0.3599,3953.13,not_neg,not_int,not_lpsm,418000.0,sb,pr,home,1U,4560.0,EQUI,869,EXP,65-74,to_inst,0.6136363636363636,south,direct,1,39.0,Long-term
cf,Female,nopre,type1,p3,l1,nopc,nob/c,216500,4.25,1.0107,6505.0,not_neg,not_int,not_lpsm,258000.0,sb,pr,home,1U,2220.0,CRIF,787,CIB,65-74,to_inst,83.91472868,North,direct,0,43.0,Long-term
cf,Female,nopre,type1,p3,l1,nopc,nob/c,236500,3.99,0.3599,3953.13,not_neg,not_int,not_lpsm,288000.0,sb,ir,home,1U,4740.0,CRIF,523,CIB,45-54,to_inst,82.11805556,North,direct,1,40.0,Long-term
cf,Joint,nopre,type1,p4,l1,nopc,nob/c,396500,3.99,0.3599,2170.705,not_neg,not_int,not_lpsm,418000.0,sb,pr,home,1U,4980.0,EQUI,708,EXP,45-54,not_inst,0.9485645933014354,North,direct,1,39.0,Long-term
cf,Joint,nopre,type2,p3,l1,nopc,b/c,276500,4.25,0.9223,2730.0,not_neg,not_int,not_lpsm,328000.0,sb,pr,home,1U,4440.0,CRIF,778,EXP,35-44,to_inst,84.29878049,North,direct,0,53.0,Long-term
cf,Joint,nopre,type1,p3,l2,nopc,nob/c,76500,5.25,1.4504,2637.5,not_neg,not_int,not_lpsm,128000.0,sb,pr,home,1U,6360.0,CIB,514,EXP,35-44,to_inst,59.765625,North,direct,0,30.0,Long-term
cf,Sex Not Available,nopre,type1,p3,l1,nopc,nob/c,166500,3.875,1.0413,5170.0,not_neg,not_int,not_lpsm,208000.0,sb,pr,home,1U,7020.0,EXP,719,EXP,35-44,to_inst,80.04807692,south,direct,0,27.0,Medium-term
cf,Sex Not Available,nopre,type1,p3,l1,nopc,nob/c,126500,4.875,1.0371,3044.5,neg_amm,not_int,not_lpsm,178000.0,sb,pr,home,1U,3240.0,EXP,701,CIB,45-54,to_inst,71.06741573,south,direct,0,21.0,Long-term
ncf,Sex Not Available,nopre,type1,p3,l1,nopc,nob/c,186500,4.125,1.4424,5898.75,not_neg,not_int,not_lpsm,248000.0,sb,ir,home,1U,4320.0,CIB,872,CIB,25-34,to_inst,75.2016129,south,direct,0,31.0,Short-term
cf,Male,nopre,type1,p2,l1,nopc,nob/c,106500,5.25,0.9345,2342.5,not_neg,not_int,not_lpsm,258000.0,sb,pr,home,1U,1200.0,CIB,763,CIB,55-64,to_inst,41.27906977,North,direct,0,44.0,Long-term
cf,Male,nopre,type1,p4,l1,nopc,nob/c,466500,4.0,-0.3062,0.0,not_neg,not_int,not_lpsm,628000.0,sb,pr,home,1U,8460.0,EXP,648,CIB,25-34,not_inst,74.28343949,south,direct,0,32.0,Long-term
cf,Sex Not Available,nopre,type1,p3,l1,nopc,nob/c,316500,4.18,0.1301,5901.52,neg_amm,not_int,not_lpsm,558000.0,sb,pr,home,1U,3840.0,CRIF,674,CIB,65-74,to_inst,56.72043011,south,direct,0,49.0,Long-term
cf,Male,nopre,type1,p4,l1,nopc,nob/c,146500,3.625,0.1533,4810.84,not_neg,not_int,not_lpsm,188000.0,sb,pr,home,1U,1680.0,EXP,846,CIB,65-74,to_inst,77.92553191,North,direct,0,46.0,Long-term
cf,Female,pre,type1,p3,l1,nopc,nob/c,456500,5.875,1.4553,5690.0,neg_amm,not_int,not_lpsm,588000.0,sb,pr,home,1U,8580.0,CIB,654,CIB,45-54,to_inst,77.63605442,North,direct,0,37.0,Long-term
cf,Sex Not Available,nopre,type1,p3,l1,nopc,nob/c,546500,4.875,1.1759,3970.0,not_neg,not_int,not_lpsm,708000.0,sb,pr,home,1U,12060.0,CRIF,529,EXP,65-74,to_inst,77.18926554,south,direct,0,32.0,Long-term
cf,Female,pre,type1,p1,l1,nopc,nob/c,166500,3.99,0.3599,1860.0,not_neg,not_int,not_lpsm,168000.0,sb,pr,home,1U,5880.0,EXP,897,CIB,55-64,to_inst,99.10714286,North,direct,1,23.0,Long-term
cf,Male,nopre,type3,p3,l1,nopc,nob/c,356500,3.49,-0.0147,11913.75,not_neg,not_int,not_lpsm,378000.0,sb,pr,home,1U,6000.0,CRIF,599,CIB,25-34,to_inst,94.31216931,south,direct,0,44.0,Long-term
cf,Male,nopre,type2,p1,l1,nopc,b/c,306500,3.99,0.96485,1401.81,not_neg,not_int,lpsm,418000.0,sb,pr,home,1U,2940.0,EQUI,680,EXP,65-74,to_inst,0.7332535885167464,North,direct,1,39.0,Long-term
cf,Joint,pre,type2,p4,l1,nopc,b/c,196500,3.75,0.5623,0.0,not_neg,not_int,not_lpsm,258000.0,sb,pr,home,1U,3720.0,CIB,572,EXP,>74,to_inst,76.1627907,North,direct,0,39.0,Long-term
cf,Joint,nopre,type3,p3,l1,nopc,nob/c,206500,3.25,0.4833,4864.5,not_neg,not_int,not_lpsm,278000.0,sb,pr,home,1U,9360.0,CRIF,541,EXP,45-54,to_inst,74.28057554,south,direct,0,31.0,Short-term
ncf,Sex Not Available,nopre,type1,p4,l1,nopc,nob/c,646500,3.99,0.3599,2170.705,neg_amm,not_int,not_lpsm,708000.0,sb,pr,home,1U,10140.0,CRIF,831,CIB,35-44,to_inst,91.31355932,south,direct,1,37.0,Long-term
cf,Joint,nopre,type1,p3,l1,nopc,nob/c,256500,3.99,0.3599,3953.13,not_neg,not_int,not_lpsm,418000.0,sb,pr,home,1U,6000.0,EQUI,550,EXP,45-54,to_inst,0.6136363636363636,North,direct,1,39.0,Long-term
cf,Female,pre,type3,p3,l1,nopc,nob/c,226500,4.25,0.5729,2200.0,not_neg,not_int,not_lpsm,248000.0,sb,pr,home,1U,2340.0,CIB,693,CIB,>74,to_inst,91.33064516,North,direct,0,57.0,Long-term
cf,Joint,nopre,type1,p3,l1,nopc,nob/c,306500,3.99,0.3286,6530.15,not_neg,not_int,not_lpsm,388000.0,sb,pr,home,1U,3480.0,CRIF,886,EXP,65-74,to_inst,78.99484536,south,direct,0,39.0,Long-term
cf,Sex Not Available,pre,type1,p4,l1,nopc,nob/c,256500,3.5,-0.0852,5984.67,not_neg,not_int,not_lpsm,488000.0,sb,pr,home,1U,7020.0,CIB,819,CIB,55-64,to_inst,52.56147541,south,direct,0,20.0,Long-term
ncf,Sex Not Available,nopre,type1,p3,l1,nopc,nob/c,616500,3.99,0.3599,3953.13,neg_amm,not_int,not_lpsm,418000.0,sb,pr,home,1U,32760.0,EQUI,733,EXP,45-54,to_inst,1.4748803827751196,south,direct,1,39.0,Short-term
cf,Sex Not Available,nopre,type2,p4,l1,nopc,b/c,256500,3.375,0.3292,0.0,not_neg,not_int,not_lpsm,328000.0,sb,pr,home,1U,6840.0,CIB,896,CIB,35-44,to_inst,78.20121951,south,direct,0,39.0,Long-term
cf,Joint,nopre,type1,p3,l1,nopc,nob/c,136500,4.625,0.8216,3876.92,not_neg,not_int,not_lpsm,208000.0,sb,pr,home,1U,3600.0,EXP,779,EXP,65-74,to_inst,65.625,North,direct,0,35.0,Long-term
cf,Joint,nopre,type1,p4,l1,nopc,nob/c,226500,3.99,0.3599,2170.705,neg_amm,not_int,not_lpsm,418000.0,sb,pr,home,1U,11040.0,EQUI,773,EXP,35-44,to_inst,0.5418660287081339,North,direct,1,39.0,Long-term
cf,Joint,nopre,type1,p4,l1,nopc,nob/c,346500,3.99,0.3599,2170.705,not_neg,not_int,not_lpsm,368000.0,sb,pr,home,1U,4620.0,EXP,841,EXP,25-34,not_inst,94.1576087,North,direct,1,46.0,Long-term
cf,Male,nopre,type1,p1,l1,nopc,nob/c,436500,4.875,1.472,5794.27,not_neg,int_only,not_lpsm,588000.0,sb,ir,home,3U,9840.0,CRIF,557,CIB,45-54,not_inst,74.23469388,south,direct,0,32.0,Long-term
ncf,Male,nopre,type1,p3,l1,nopc,nob/c,426500,4.5,0.9756,7502.88,not_neg,not_int,not_lpsm,508000.0,sb,pr,home,1U,4800.0,CIB,512,CIB,35-44,to_inst,83.95669291,south,direct,0,46.0,Long-term
cf,Joint,nopre,type1,p3,l1,nopc,nob/c,286500,3.99,0.3599,3953.13,not_neg,int_only,not_lpsm,378000.0,sb,pr,home,1U,3840.0,CIB,868,EXP,55-64,not_inst,75.79365079,south,direct,1,30.0,Long-term
cf,Female,nopre,type1,p4,l1,nopc,nob/c,436500,3.875,-0.1136,8780.12,not_neg,not_int,not_lpsm,568000.0,sb,pr,home,1U,7260.0,CRIF,517,CIB,65-74,not_inst,76.84859155,North,direct,0,36.0,Long-term
cf,Male,nopre,type1,p1,l1,nopc,nob/c,286500,3.99,0.3599,1860.0,not_neg,not_int,not_lpsm,418000.0,sb,pr,home,1U,19200.0,EQUI,799,EXP,25-34,to_inst,0.6854066985645934,North,direct,1,39.0,Short-term
cf,Male,nopre,type1,p4,l1,nopc,nob/c,166500,3.99,-0.0661,4702.06,not_neg,not_int,not_lpsm,258000.0,sb,pr,home,1U,1740.0,EXP,763,CIB,>74,to_inst,64.53488372,south,direct,0,40.0,Long-term
